Month,Household_ID,Hierarchy_Level,Income,Consumption,APC
1,家計_1_階層0,0,14066,2000,0.142187
1,家計_2_階層1,1,5016,2000,0.398724
1,家計_3_階層1,1,5016,2000,0.398724
1,家計_4_階層1,1,5016,2000,0.398724
1,家計_5_階層1,1,5016,2000,0.398724
1,家計_6_階層2,2,2754,2000,0.726216
1,家計_7_階層2,2,2754,2000,0.726216
1,家計_8_階層2,2,2754,2000,0.726216
1,家計_9_階層2,2,2754,2000,0.726216
1,家計_10_階層2,2,2754,2000,0.726216
1,家計_11_階層2,2,2754,2000,0.726216
1,家計_12_階層2,2,2754,2000,0.726216
1,家計_13_階層2,2,2754,2000,0.726216
1,家計_14_階層2,2,2754,2000,0.726216
1,家計_15_階層2,2,2754,2000,0.726216
1,家計_16_階層2,2,2754,2000,0.726216
1,家計_17_階層2,2,2754,2000,0.726216
1,家計_18_階層2,2,2754,2000,0.726216
1,家計_19_階層2,2,2754,2000,0.726216
1,家計_20_階層2,2,2754,2000,0.726216
1,家計_21_階層2,2,2754,2000,0.726216
1,家計_22_階層0,0,15233,2000,0.131294
1,家計_23_階層1,1,5308,2000,0.37679
1,家計_24_階層1,1,5308,2000,0.37679
1,家計_25_階層1,1,5308,2000,0.37679
1,家計_26_階層1,1,5308,2000,0.37679
1,家計_27_階層2,2,2827,2000,0.707464
1,家計_28_階層2,2,2827,2000,0.707464
1,家計_29_階層2,2,2827,2000,0.707464
1,家計_30_階層2,2,2827,2000,0.707464
1,家計_31_階層2,2,2827,2000,0.707464
1,家計_32_階層2,2,2827,2000,0.707464
1,家計_33_階層2,2,2827,2000,0.707464
1,家計_34_階層2,2,2827,2000,0.707464
1,家計_35_階層2,2,2827,2000,0.707464
1,家計_36_階層2,2,2827,2000,0.707464
1,家計_37_階層2,2,2827,2000,0.707464
1,家計_38_階層2,2,2827,2000,0.707464
1,家計_39_階層2,2,2827,2000,0.707464
1,家計_40_階層2,2,2827,2000,0.707464
1,家計_41_階層2,2,2827,2000,0.707464
1,家計_42_階層2,2,2827,2000,0.707464
1,家計_43_階層0,0,15766,2000,0.126855
1,家計_44_階層1,1,5441,2000,0.367579
1,家計_45_階層1,1,5441,2000,0.367579
1,家計_46_階層1,1,5441,2000,0.367579
1,家計_47_階層1,1,5441,2000,0.367579
1,家計_48_階層2,2,2860,2000,0.699301
1,家計_49_階層2,2,2860,2000,0.699301
1,家計_50_階層2,2,2860,2000,0.699301
1,家計_51_階層2,2,2860,2000,0.699301
1,家計_52_階層2,2,2860,2000,0.699301
1,家計_53_階層2,2,2860,2000,0.699301
1,家計_54_階層2,2,2860,2000,0.699301
1,家計_55_階層2,2,2860,2000,0.699301
1,家計_56_階層2,2,2860,2000,0.699301
1,家計_57_階層2,2,2860,2000,0.699301
1,家計_58_階層2,2,2860,2000,0.699301
1,家計_59_階層2,2,2860,2000,0.699301
1,家計_60_階層2,2,2860,2000,0.699301
1,家計_61_階層2,2,2860,2000,0.699301
1,家計_62_階層2,2,2860,2000,0.699301
1,家計_63_階層2,2,2860,2000,0.699301
1,家計_64_階層0,0,17050,2000,0.117302
1,家計_65_階層1,1,5762,2000,0.347102
1,家計_66_階層1,1,5762,2000,0.347102
1,家計_67_階層1,1,5762,2000,0.347102
1,家計_68_階層1,1,5762,2000,0.347102
1,家計_69_階層2,2,2940,2000,0.680272
1,家計_70_階層2,2,2940,2000,0.680272
1,家計_71_階層2,2,2940,2000,0.680272
1,家計_72_階層2,2,2940,2000,0.680272
1,家計_73_階層2,2,2940,2000,0.680272
1,家計_74_階層2,2,2940,2000,0.680272
1,家計_75_階層2,2,2940,2000,0.680272
1,家計_76_階層2,2,2940,2000,0.680272
1,家計_77_階層2,2,2940,2000,0.680272
1,家計_78_階層2,2,2940,2000,0.680272
1,家計_79_階層2,2,2940,2000,0.680272
1,家計_80_階層2,2,2940,2000,0.680272
1,家計_81_階層2,2,2940,2000,0.680272
1,家計_82_階層2,2,2940,2000,0.680272
1,家計_83_階層2,2,2940,2000,0.680272
1,家計_84_階層2,2,2940,2000,0.680272
1,家計_85_階層0,0,17650,2000,0.113314
1,家計_86_階層1,1,5912,2000,0.338295
1,家計_87_階層1,1,5912,2000,0.338295
1,家計_88_階層1,1,5912,2000,0.338295
1,家計_89_階層1,1,5912,2000,0.338295
1,家計_90_階層2,2,2978,2000,0.671592
1,家計_91_階層2,2,2978,2000,0.671592
1,家計_92_階層2,2,2978,2000,0.671592
1,家計_93_階層2,2,2978,2000,0.671592
1,家計_94_階層2,2,2978,2000,0.671592
1,家計_95_階層2,2,2978,2000,0.671592
1,家計_96_階層2,2,2978,2000,0.671592
1,家計_97_階層2,2,2978,2000,0.671592
1,家計_98_階層2,2,2978,2000,0.671592
1,家計_99_階層2,2,2978,2000,0.671592
1,家計_100_階層2,2,2978,2000,0.671592
1,家計_101_階層2,2,2978,2000,0.671592
1,家計_102_階層2,2,2978,2000,0.671592
1,家計_103_階層2,2,2978,2000,0.671592
1,家計_104_階層2,2,2978,2000,0.671592
1,家計_105_階層2,2,2978,2000,0.671592
1,家計_106_階層0,0,16550,2000,0.120846
1,家計_107_階層1,1,5637,2000,0.354799
1,家計_108_階層1,1,5637,2000,0.354799
1,家計_109_階層1,1,5637,2000,0.354799
1,家計_110_階層1,1,5637,2000,0.354799
1,家計_111_階層2,2,2909,2000,0.687521
1,家計_112_階層2,2,2909,2000,0.687521
1,家計_113_階層2,2,2909,2000,0.687521
1,家計_114_階層2,2,2909,2000,0.687521
1,家計_115_階層2,2,2909,2000,0.687521
1,家計_116_階層2,2,2909,2000,0.687521
1,家計_117_階層2,2,2909,2000,0.687521
1,家計_118_階層2,2,2909,2000,0.687521
1,家計_119_階層2,2,2909,2000,0.687521
1,家計_120_階層2,2,2909,2000,0.687521
1,家計_121_階層2,2,2909,2000,0.687521
1,家計_122_階層2,2,2909,2000,0.687521
1,家計_123_階層2,2,2909,2000,0.687521
1,家計_124_階層2,2,2909,2000,0.687521
1,家計_125_階層2,2,2909,2000,0.687521
1,家計_126_階層2,2,2909,2000,0.687521
1,家計_127_階層0,0,15783,2000,0.126719
1,家計_128_階層1,1,5445,2000,0.367309
1,家計_129_階層1,1,5445,2000,0.367309
1,家計_130_階層1,1,5445,2000,0.367309
1,家計_131_階層1,1,5445,2000,0.367309
1,家計_132_階層2,2,2861,2000,0.699056
1,家計_133_階層2,2,2861,2000,0.699056
1,家計_134_階層2,2,2861,2000,0.699056
1,家計_135_階層2,2,2861,2000,0.699056
1,家計_136_階層2,2,2861,2000,0.699056
1,家計_137_階層2,2,2861,2000,0.699056
1,家計_138_階層2,2,2861,2000,0.699056
1,家計_139_階層2,2,2861,2000,0.699056
1,家計_140_階層2,2,2861,2000,0.699056
1,家計_141_階層2,2,2861,2000,0.699056
1,家計_142_階層2,2,2861,2000,0.699056
1,家計_143_階層2,2,2861,2000,0.699056
1,家計_144_階層2,2,2861,2000,0.699056
1,家計_145_階層2,2,2861,2000,0.699056
1,家計_146_階層2,2,2861,2000,0.699056
1,家計_147_階層2,2,2861,2000,0.699056
1,家計_148_階層0,0,15300,2000,0.130719
1,家計_149_階層1,1,5325,2000,0.375587
1,家計_150_階層1,1,5325,2000,0.375587
1,家計_151_階層1,1,5325,2000,0.375587
1,家計_152_階層1,1,5325,2000,0.375587
1,家計_153_階層2,2,2831,2000,0.706464
1,家計_154_階層2,2,2831,2000,0.706464
1,家計_155_階層2,2,2831,2000,0.706464
1,家計_156_階層2,2,2831,2000,0.706464
1,家計_157_階層2,2,2831,2000,0.706464
1,家計_158_階層2,2,2831,2000,0.706464
1,家計_159_階層2,2,2831,2000,0.706464
1,家計_160_階層2,2,2831,2000,0.706464
1,家計_161_階層2,2,2831,2000,0.706464
1,家計_162_階層2,2,2831,2000,0.706464
1,家計_163_階層2,2,2831,2000,0.706464
1,家計_164_階層2,2,2831,2000,0.706464
1,家計_165_階層2,2,2831,2000,0.706464
1,家計_166_階層2,2,2831,2000,0.706464
1,家計_167_階層2,2,2831,2000,0.706464
1,家計_168_階層2,2,2831,2000,0.706464
1,家計_169_階層0,0,16316,2000,0.122579
1,家計_170_階層1,1,5579,2000,0.358487
1,家計_171_階層1,1,5579,2000,0.358487
1,家計_172_階層1,1,5579,2000,0.358487
1,家計_173_階層1,1,5579,2000,0.358487
1,家計_174_階層2,2,2894,2000,0.691085
1,家計_175_階層2,2,2894,2000,0.691085
1,家計_176_階層2,2,2894,2000,0.691085
1,家計_177_階層2,2,2894,2000,0.691085
1,家計_178_階層2,2,2894,2000,0.691085
1,家計_179_階層2,2,2894,2000,0.691085
1,家計_180_階層2,2,2894,2000,0.691085
1,家計_181_階層2,2,2894,2000,0.691085
1,家計_182_階層2,2,2894,2000,0.691085
1,家計_183_階層2,2,2894,2000,0.691085
1,家計_184_階層2,2,2894,2000,0.691085
1,家計_185_階層2,2,2894,2000,0.691085
1,家計_186_階層2,2,2894,2000,0.691085
1,家計_187_階層2,2,2894,2000,0.691085
1,家計_188_階層2,2,2894,2000,0.691085
1,家計_189_階層2,2,2894,2000,0.691085
1,家計_190_階層0,0,16283,2000,0.122827
1,家計_191_階層1,1,5570,2000,0.359066
1,家計_192_階層1,1,5570,2000,0.359066
1,家計_193_階層1,1,5570,2000,0.359066
1,家計_194_階層1,1,5570,2000,0.359066
1,家計_195_階層2,2,2892,2000,0.691563
1,家計_196_階層2,2,2892,2000,0.691563
1,家計_197_階層2,2,2892,2000,0.691563
1,家計_198_階層2,2,2892,2000,0.691563
1,家計_199_階層2,2,2892,2000,0.691563
1,家計_200_階層2,2,2892,2000,0.691563
1,家計_201_階層2,2,2892,2000,0.691563
1,家計_202_階層2,2,2892,2000,0.691563
1,家計_203_階層2,2,2892,2000,0.691563
1,家計_204_階層2,2,2892,2000,0.691563
1,家計_205_階層2,2,2892,2000,0.691563
1,家計_206_階層2,2,2892,2000,0.691563
1,家計_207_階層2,2,2892,2000,0.691563
1,家計_208_階層2,2,2892,2000,0.691563
1,家計_209_階層2,2,2892,2000,0.691563
1,家計_210_階層2,2,2892,2000,0.691563
2,家計_1_階層0,0,14985,6390,0.426426
2,家計_2_階層1,1,3746,3006,0.802456
2,家計_3_階層1,1,3746,3006,0.802456
2,家計_4_階層1,1,3746,3006,0.802456
2,家計_5_階層1,1,3746,3006,0.802456
2,家計_6_階層2,2,936,744,0.794872
2,家計_7_階層2,2,936,744,0.794872
2,家計_8_階層2,2,936,744,0.794872
2,家計_9_階層2,2,936,744,0.794872
2,家計_10_階層2,2,936,744,0.794872
2,家計_11_階層2,2,936,744,0.794872
2,家計_12_階層2,2,936,744,0.794872
2,家計_13_階層2,2,936,744,0.794872
2,家計_14_階層2,2,936,744,0.794872
2,家計_15_階層2,2,936,744,0.794872
2,家計_16_階層2,2,936,744,0.794872
2,家計_17_階層2,2,936,744,0.794872
2,家計_18_階層2,2,936,744,0.794872
2,家計_19_階層2,2,936,744,0.794872
2,家計_20_階層2,2,936,744,0.794872
2,家計_21_階層2,2,936,744,0.794872
2,家計_22_階層0,0,15265,6630,0.434327
2,家計_23_階層1,1,3816,3298,0.864256
2,家計_24_階層1,1,3816,3298,0.864256
2,家計_25_階層1,1,3816,3298,0.864256
2,家計_26_階層1,1,3816,3298,0.864256
2,家計_27_階層2,2,954,817,0.856394
2,家計_28_階層2,2,954,817,0.856394
2,家計_29_階層2,2,954,817,0.856394
2,家計_30_階層2,2,954,817,0.856394
2,家計_31_階層2,2,954,817,0.856394
2,家計_32_階層2,2,954,817,0.856394
2,家計_33_階層2,2,954,817,0.856394
2,家計_34_階層2,2,954,817,0.856394
2,家計_35_階層2,2,954,817,0.856394
2,家計_36_階層2,2,954,817,0.856394
2,家計_37_階層2,2,954,817,0.856394
2,家計_38_階層2,2,954,817,0.856394
2,家計_39_階層2,2,954,817,0.856394
2,家計_40_階層2,2,954,817,0.856394
2,家計_41_階層2,2,954,817,0.856394
2,家計_42_階層2,2,954,817,0.856394
2,家計_43_階層0,0,15331,6750,0.440284
2,家計_44_階層1,1,3832,3431,0.895355
2,家計_45_階層1,1,3832,3431,0.895355
2,家計_46_階層1,1,3832,3431,0.895355
2,家計_47_階層1,1,3832,3431,0.895355
2,家計_48_階層2,2,958,850,0.887265
2,家計_49_階層2,2,958,850,0.887265
2,家計_50_階層2,2,958,850,0.887265
2,家計_51_階層2,2,958,850,0.887265
2,家計_52_階層2,2,958,850,0.887265
2,家計_53_階層2,2,958,850,0.887265
2,家計_54_階層2,2,958,850,0.887265
2,家計_55_階層2,2,958,850,0.887265
2,家計_56_階層2,2,958,850,0.887265
2,家計_57_階層2,2,958,850,0.887265
2,家計_58_階層2,2,958,850,0.887265
2,家計_59_階層2,2,958,850,0.887265
2,家計_60_階層2,2,958,850,0.887265
2,家計_61_階層2,2,958,850,0.887265
2,家計_62_階層2,2,958,850,0.887265
2,家計_63_階層2,2,958,850,0.887265
2,家計_64_階層0,0,13855,6990,0.504511
2,家計_65_階層1,1,3463,3752,1.08345
2,家計_66_階層1,1,3463,3752,1.08345
2,家計_67_階層1,1,3463,3752,1.08345
2,家計_68_階層1,1,3463,3752,1.08345
2,家計_69_階層2,2,865,930,1.07514
2,家計_70_階層2,2,865,930,1.07514
2,家計_71_階層2,2,865,930,1.07514
2,家計_72_階層2,2,865,930,1.07514
2,家計_73_階層2,2,865,930,1.07514
2,家計_74_階層2,2,865,930,1.07514
2,家計_75_階層2,2,865,930,1.07514
2,家計_76_階層2,2,865,930,1.07514
2,家計_77_階層2,2,865,930,1.07514
2,家計_78_階層2,2,865,930,1.07514
2,家計_79_階層2,2,865,930,1.07514
2,家計_80_階層2,2,865,930,1.07514
2,家計_81_階層2,2,865,930,1.07514
2,家計_82_階層2,2,865,930,1.07514
2,家計_83_階層2,2,865,930,1.07514
2,家計_84_階層2,2,865,930,1.07514
2,家計_85_階層0,0,15919,7110,0.446636
2,家計_86_階層1,1,3979,3902,0.980648
2,家計_87_階層1,1,3979,3902,0.980648
2,家計_88_階層1,1,3979,3902,0.980648
2,家計_89_階層1,1,3979,3902,0.980648
2,家計_90_階層2,2,994,968,0.973843
2,家計_91_階層2,2,994,968,0.973843
2,家計_92_階層2,2,994,968,0.973843
2,家計_93_階層2,2,994,968,0.973843
2,家計_94_階層2,2,994,968,0.973843
2,家計_95_階層2,2,994,968,0.973843
2,家計_96_階層2,2,994,968,0.973843
2,家計_97_階層2,2,994,968,0.973843
2,家計_98_階層2,2,994,968,0.973843
2,家計_99_階層2,2,994,968,0.973843
2,家計_100_階層2,2,994,968,0.973843
2,家計_101_階層2,2,994,968,0.973843
2,家計_102_階層2,2,994,968,0.973843
2,家計_103_階層2,2,994,968,0.973843
2,家計_104_階層2,2,994,968,0.973843
2,家計_105_階層2,2,994,968,0.973843
2,家計_106_階層0,0,11309,6900,0.610134
2,家計_107_階層1,1,2827,3627,1.28299
2,家計_108_階層1,1,2827,3627,1.28299
2,家計_109_階層1,1,2827,3627,1.28299
2,家計_110_階層1,1,2827,3627,1.28299
2,家計_111_階層2,2,706,899,1.27337
2,家計_112_階層2,2,706,899,1.27337
2,家計_113_階層2,2,706,899,1.27337
2,家計_114_階層2,2,706,899,1.27337
2,家計_115_階層2,2,706,899,1.27337
2,家計_116_階層2,2,706,899,1.27337
2,家計_117_階層2,2,706,899,1.27337
2,家計_118_階層2,2,706,899,1.27337
2,家計_119_階層2,2,706,899,1.27337
2,家計_120_階層2,2,706,899,1.27337
2,家計_121_階層2,2,706,899,1.27337
2,家計_122_階層2,2,706,899,1.27337
2,家計_123_階層2,2,706,899,1.27337
2,家計_124_階層2,2,706,899,1.27337
2,家計_125_階層2,2,706,899,1.27337
2,家計_126_階層2,2,706,899,1.27337
2,家計_127_階層0,0,12766,6750,0.528748
2,家計_128_階層1,1,3191,3435,1.07647
2,家計_129_階層1,1,3191,3435,1.07647
2,家計_130_階層1,1,3191,3435,1.07647
2,家計_131_階層1,1,3191,3435,1.07647
2,家計_132_階層2,2,797,851,1.06775
2,家計_133_階層2,2,797,851,1.06775
2,家計_134_階層2,2,797,851,1.06775
2,家計_135_階層2,2,797,851,1.06775
2,家計_136_階層2,2,797,851,1.06775
2,家計_137_階層2,2,797,851,1.06775
2,家計_138_階層2,2,797,851,1.06775
2,家計_139_階層2,2,797,851,1.06775
2,家計_140_階層2,2,797,851,1.06775
2,家計_141_階層2,2,797,851,1.06775
2,家計_142_階層2,2,797,851,1.06775
2,家計_143_階層2,2,797,851,1.06775
2,家計_144_階層2,2,797,851,1.06775
2,家計_145_階層2,2,797,851,1.06775
2,家計_146_階層2,2,797,851,1.06775
2,家計_147_階層2,2,797,851,1.06775
2,家計_148_階層0,0,11324,6660,0.588131
2,家計_149_階層1,1,2831,3315,1.17096
2,家計_150_階層1,1,2831,3315,1.17096
2,家計_151_階層1,1,2831,3315,1.17096
2,家計_152_階層1,1,2831,3315,1.17096
2,家計_153_階層2,2,707,821,1.16124
2,家計_154_階層2,2,707,821,1.16124
2,家計_155_階層2,2,707,821,1.16124
2,家計_156_階層2,2,707,821,1.16124
2,家計_157_階層2,2,707,821,1.16124
2,家計_158_階層2,2,707,821,1.16124
2,家計_159_階層2,2,707,821,1.16124
2,家計_160_階層2,2,707,821,1.16124
2,家計_161_階層2,2,707,821,1.16124
2,家計_162_階層2,2,707,821,1.16124
2,家計_163_階層2,2,707,821,1.16124
2,家計_164_階層2,2,707,821,1.16124
2,家計_165_階層2,2,707,821,1.16124
2,家計_166_階層2,2,707,821,1.16124
2,家計_167_階層2,2,707,821,1.16124
2,家計_168_階層2,2,707,821,1.16124
2,家計_169_階層0,0,10651,6840,0.642193
2,家計_170_階層1,1,2662,3569,1.34072
2,家計_171_階層1,1,2662,3569,1.34072
2,家計_172_階層1,1,2662,3569,1.34072
2,家計_173_階層1,1,2662,3569,1.34072
2,家計_174_階層2,2,665,884,1.32932
2,家計_175_階層2,2,665,884,1.32932
2,家計_176_階層2,2,665,884,1.32932
2,家計_177_階層2,2,665,884,1.32932
2,家計_178_階層2,2,665,884,1.32932
2,家計_179_階層2,2,665,884,1.32932
2,家計_180_階層2,2,665,884,1.32932
2,家計_181_階層2,2,665,884,1.32932
2,家計_182_階層2,2,665,884,1.32932
2,家計_183_階層2,2,665,884,1.32932
2,家計_184_階層2,2,665,884,1.32932
2,家計_185_階層2,2,665,884,1.32932
2,家計_186_階層2,2,665,884,1.32932
2,家計_187_階層2,2,665,884,1.32932
2,家計_188_階層2,2,665,884,1.32932
2,家計_189_階層2,2,665,884,1.32932
2,家計_190_階層0,0,10545,6840,0.648649
2,家計_191_階層1,1,2636,3560,1.35053
2,家計_192_階層1,1,2636,3560,1.35053
2,家計_193_階層1,1,2636,3560,1.35053
2,家計_194_階層1,1,2636,3560,1.35053
2,家計_195_階層2,2,659,882,1.33839
2,家計_196_階層2,2,659,882,1.33839
2,家計_197_階層2,2,659,882,1.33839
2,家計_198_階層2,2,659,882,1.33839
2,家計_199_階層2,2,659,882,1.33839
2,家計_200_階層2,2,659,882,1.33839
2,家計_201_階層2,2,659,882,1.33839
2,家計_202_階層2,2,659,882,1.33839
2,家計_203_階層2,2,659,882,1.33839
2,家計_204_階層2,2,659,882,1.33839
2,家計_205_階層2,2,659,882,1.33839
2,家計_206_階層2,2,659,882,1.33839
2,家計_207_階層2,2,659,882,1.33839
2,家計_208_階層2,2,659,882,1.33839
2,家計_209_階層2,2,659,882,1.33839
2,家計_210_階層2,2,659,882,1.33839
3,家計_1_階層0,0,14597,6570,0.450092
3,家計_2_階層1,1,3649,3736,1.02384
3,家計_3_階層1,1,3649,3736,1.02384
3,家計_4_階層1,1,3649,3736,1.02384
3,家計_5_階層1,1,3649,3736,1.02384
3,家計_6_階層2,2,912,926,1.01535
3,家計_7_階層2,2,912,926,1.01535
3,家計_8_階層2,2,912,926,1.01535
3,家計_9_階層2,2,912,926,1.01535
3,家計_10_階層2,2,912,926,1.01535
3,家計_11_階層2,2,912,926,1.01535
3,家計_12_階層2,2,912,926,1.01535
3,家計_13_階層2,2,912,926,1.01535
3,家計_14_階層2,2,912,926,1.01535
3,家計_15_階層2,2,912,926,1.01535
3,家計_16_階層2,2,912,926,1.01535
3,家計_17_階層2,2,912,926,1.01535
3,家計_18_階層2,2,912,926,1.01535
3,家計_19_階層2,2,912,926,1.01535
3,家計_20_階層2,2,912,926,1.01535
3,家計_21_階層2,2,912,926,1.01535
3,家計_22_階層0,0,14103,6630,0.470113
3,家計_23_階層1,1,3525,3806,1.07972
3,家計_24_階層1,1,3525,3806,1.07972
3,家計_25_階層1,1,3525,3806,1.07972
3,家計_26_階層1,1,3525,3806,1.07972
3,家計_27_階層2,2,881,944,1.07151
3,家計_28_階層2,2,881,944,1.07151
3,家計_29_階層2,2,881,944,1.07151
3,家計_30_階層2,2,881,944,1.07151
3,家計_31_階層2,2,881,944,1.07151
3,家計_32_階層2,2,881,944,1.07151
3,家計_33_階層2,2,881,944,1.07151
3,家計_34_階層2,2,881,944,1.07151
3,家計_35_階層2,2,881,944,1.07151
3,家計_36_階層2,2,881,944,1.07151
3,家計_37_階層2,2,881,944,1.07151
3,家計_38_階層2,2,881,944,1.07151
3,家計_39_階層2,2,881,944,1.07151
3,家計_40_階層2,2,881,944,1.07151
3,家計_41_階層2,2,881,944,1.07151
3,家計_42_階層2,2,881,944,1.07151
3,家計_43_階層0,0,15466,6660,0.430622
3,家計_44_階層1,1,3866,3822,0.988619
3,家計_45_階層1,1,3866,3822,0.988619
3,家計_46_階層1,1,3866,3822,0.988619
3,家計_47_階層1,1,3866,3822,0.988619
3,家計_48_階層2,2,966,948,0.981366
3,家計_49_階層2,2,966,948,0.981366
3,家計_50_階層2,2,966,948,0.981366
3,家計_51_階層2,2,966,948,0.981366
3,家計_52_階層2,2,966,948,0.981366
3,家計_53_階層2,2,966,948,0.981366
3,家計_54_階層2,2,966,948,0.981366
3,家計_55_階層2,2,966,948,0.981366
3,家計_56_階層2,2,966,948,0.981366
3,家計_57_階層2,2,966,948,0.981366
3,家計_58_階層2,2,966,948,0.981366
3,家計_59_階層2,2,966,948,0.981366
3,家計_60_階層2,2,966,948,0.981366
3,家計_61_階層2,2,966,948,0.981366
3,家計_62_階層2,2,966,948,0.981366
3,家計_63_階層2,2,966,948,0.981366
3,家計_64_階層0,0,14687,6360,0.433036
3,家計_65_階層1,1,3671,3453,0.940616
3,家計_66_階層1,1,3671,3453,0.940616
3,家計_67_階層1,1,3671,3453,0.940616
3,家計_68_階層1,1,3671,3453,0.940616
3,家計_69_階層2,2,917,855,0.932388
3,家計_70_階層2,2,917,855,0.932388
3,家計_71_階層2,2,917,855,0.932388
3,家計_72_階層2,2,917,855,0.932388
3,家計_73_階層2,2,917,855,0.932388
3,家計_74_階層2,2,917,855,0.932388
3,家計_75_階層2,2,917,855,0.932388
3,家計_76_階層2,2,917,855,0.932388
3,家計_77_階層2,2,917,855,0.932388
3,家計_78_階層2,2,917,855,0.932388
3,家計_79_階層2,2,917,855,0.932388
3,家計_80_階層2,2,917,855,0.932388
3,家計_81_階層2,2,917,855,0.932388
3,家計_82_階層2,2,917,855,0.932388
3,家計_83_階層2,2,917,855,0.932388
3,家計_84_階層2,2,917,855,0.932388
3,家計_85_階層0,0,14413,6780,0.470409
3,家計_86_階層1,1,3603,3969,1.10158
3,家計_87_階層1,1,3603,3969,1.10158
3,家計_88_階層1,1,3603,3969,1.10158
3,家計_89_階層1,1,3603,3969,1.10158
3,家計_90_階層2,2,900,984,1.09333
3,家計_91_階層2,2,900,984,1.09333
3,家計_92_階層2,2,900,984,1.09333
3,家計_93_階層2,2,900,984,1.09333
3,家計_94_階層2,2,900,984,1.09333
3,家計_95_階層2,2,900,984,1.09333
3,家計_96_階層2,2,900,984,1.09333
3,家計_97_階層2,2,900,984,1.09333
3,家計_98_階層2,2,900,984,1.09333
3,家計_99_階層2,2,900,984,1.09333
3,家計_100_階層2,2,900,984,1.09333
3,家計_101_階層2,2,900,984,1.09333
3,家計_102_階層2,2,900,984,1.09333
3,家計_103_階層2,2,900,984,1.09333
3,家計_104_階層2,2,900,984,1.09333
3,家計_105_階層2,2,900,984,1.09333
3,家計_106_階層0,0,10634,5850,0.550122
3,家計_107_階層1,1,2658,2817,1.05982
3,家計_108_階層1,1,2658,2817,1.05982
3,家計_109_階層1,1,2658,2817,1.05982
3,家計_110_階層1,1,2658,2817,1.05982
3,家計_111_階層2,2,664,696,1.04819
3,家計_112_階層2,2,664,696,1.04819
3,家計_113_階層2,2,664,696,1.04819
3,家計_114_階層2,2,664,696,1.04819
3,家計_115_階層2,2,664,696,1.04819
3,家計_116_階層2,2,664,696,1.04819
3,家計_117_階層2,2,664,696,1.04819
3,家計_118_階層2,2,664,696,1.04819
3,家計_119_階層2,2,664,696,1.04819
3,家計_120_階層2,2,664,696,1.04819
3,家計_121_階層2,2,664,696,1.04819
3,家計_122_階層2,2,664,696,1.04819
3,家計_123_階層2,2,664,696,1.04819
3,家計_124_階層2,2,664,696,1.04819
3,家計_125_階層2,2,664,696,1.04819
3,家計_126_階層2,2,664,696,1.04819
3,家計_127_階層0,0,10482,6150,0.58672
3,家計_128_階層1,1,2620,3181,1.21412
3,家計_129_階層1,1,2620,3181,1.21412
3,家計_130_階層1,1,2620,3181,1.21412
3,家計_131_階層1,1,2620,3181,1.21412
3,家計_132_階層2,2,655,787,1.20153
3,家計_133_階層2,2,655,787,1.20153
3,家計_134_階層2,2,655,787,1.20153
3,家計_135_階層2,2,655,787,1.20153
3,家計_136_階層2,2,655,787,1.20153
3,家計_137_階層2,2,655,787,1.20153
3,家計_138_階層2,2,655,787,1.20153
3,家計_139_階層2,2,655,787,1.20153
3,家計_140_階層2,2,655,787,1.20153
3,家計_141_階層2,2,655,787,1.20153
3,家計_142_階層2,2,655,787,1.20153
3,家計_143_階層2,2,655,787,1.20153
3,家計_144_階層2,2,655,787,1.20153
3,家計_145_階層2,2,655,787,1.20153
3,家計_146_階層2,2,655,787,1.20153
3,家計_147_階層2,2,655,787,1.20153
3,家計_148_階層0,0,10164,5850,0.575561
3,家計_149_階層1,1,2541,2821,1.11019
3,家計_150_階層1,1,2541,2821,1.11019
3,家計_151_階層1,1,2541,2821,1.11019
3,家計_152_階層1,1,2541,2821,1.11019
3,家計_153_階層2,2,635,697,1.09764
3,家計_154_階層2,2,635,697,1.09764
3,家計_155_階層2,2,635,697,1.09764
3,家計_156_階層2,2,635,697,1.09764
3,家計_157_階層2,2,635,697,1.09764
3,家計_158_階層2,2,635,697,1.09764
3,家計_159_階層2,2,635,697,1.09764
3,家計_160_階層2,2,635,697,1.09764
3,家計_161_階層2,2,635,697,1.09764
3,家計_162_階層2,2,635,697,1.09764
3,家計_163_階層2,2,635,697,1.09764
3,家計_164_階層2,2,635,697,1.09764
3,家計_165_階層2,2,635,697,1.09764
3,家計_166_階層2,2,635,697,1.09764
3,家計_167_階層2,2,635,697,1.09764
3,家計_168_階層2,2,635,697,1.09764
3,家計_169_階層0,0,9269,5730,0.61819
3,家計_170_階層1,1,2317,2652,1.14458
3,家計_171_階層1,1,2317,2652,1.14458
3,家計_172_階層1,1,2317,2652,1.14458
3,家計_173_階層1,1,2317,2652,1.14458
3,家計_174_階層2,2,579,655,1.13126
3,家計_175_階層2,2,579,655,1.13126
3,家計_176_階層2,2,579,655,1.13126
3,家計_177_階層2,2,579,655,1.13126
3,家計_178_階層2,2,579,655,1.13126
3,家計_179_階層2,2,579,655,1.13126
3,家計_180_階層2,2,579,655,1.13126
3,家計_181_階層2,2,579,655,1.13126
3,家計_182_階層2,2,579,655,1.13126
3,家計_183_階層2,2,579,655,1.13126
3,家計_184_階層2,2,579,655,1.13126
3,家計_185_階層2,2,579,655,1.13126
3,家計_186_階層2,2,579,655,1.13126
3,家計_187_階層2,2,579,655,1.13126
3,家計_188_階層2,2,579,655,1.13126
3,家計_189_階層2,2,579,655,1.13126
3,家計_190_階層0,0,10911,5700,0.522409
3,家計_191_階層1,1,2727,2626,0.962963
3,家計_192_階層1,1,2727,2626,0.962963
3,家計_193_階層1,1,2727,2626,0.962963
3,家計_194_階層1,1,2727,2626,0.962963
3,家計_195_階層2,2,681,649,0.95301
3,家計_196_階層2,2,681,649,0.95301
3,家計_197_階層2,2,681,649,0.95301
3,家計_198_階層2,2,681,649,0.95301
3,家計_199_階層2,2,681,649,0.95301
3,家計_200_階層2,2,681,649,0.95301
3,家計_201_階層2,2,681,649,0.95301
3,家計_202_階層2,2,681,649,0.95301
3,家計_203_階層2,2,681,649,0.95301
3,家計_204_階層2,2,681,649,0.95301
3,家計_205_階層2,2,681,649,0.95301
3,家計_206_階層2,2,681,649,0.95301
3,家計_207_階層2,2,681,649,0.95301
3,家計_208_階層2,2,681,649,0.95301
3,家計_209_階層2,2,681,649,0.95301
3,家計_210_階層2,2,681,649,0.95301
4,家計_1_階層0,0,12324,6510,0.528238
4,家計_2_階層1,1,3081,3639,1.18111
4,家計_3_階層1,1,3081,3639,1.18111
4,家計_4_階層1,1,3081,3639,1.18111
4,家計_5_階層1,1,3081,3639,1.18111
4,家計_6_階層2,2,770,902,1.17143
4,家計_7_階層2,2,770,902,1.17143
4,家計_8_階層2,2,770,902,1.17143
4,家計_9_階層2,2,770,902,1.17143
4,家計_10_階層2,2,770,902,1.17143
4,家計_11_階層2,2,770,902,1.17143
4,家計_12_階層2,2,770,902,1.17143
4,家計_13_階層2,2,770,902,1.17143
4,家計_14_階層2,2,770,902,1.17143
4,家計_15_階層2,2,770,902,1.17143
4,家計_16_階層2,2,770,902,1.17143
4,家計_17_階層2,2,770,902,1.17143
4,家計_18_階層2,2,770,902,1.17143
4,家計_19_階層2,2,770,902,1.17143
4,家計_20_階層2,2,770,902,1.17143
4,家計_21_階層2,2,770,902,1.17143
4,家計_22_階層0,0,14310,6420,0.448637
4,家計_23_階層1,1,3577,3515,0.982667
4,家計_24_階層1,1,3577,3515,0.982667
4,家計_25_階層1,1,3577,3515,0.982667
4,家計_26_階層1,1,3577,3515,0.982667
4,家計_27_階層2,2,894,871,0.974273
4,家計_28_階層2,2,894,871,0.974273
4,家計_29_階層2,2,894,871,0.974273
4,家計_30_階層2,2,894,871,0.974273
4,家計_31_階層2,2,894,871,0.974273
4,家計_32_階層2,2,894,871,0.974273
4,家計_33_階層2,2,894,871,0.974273
4,家計_34_階層2,2,894,871,0.974273
4,家計_35_階層2,2,894,871,0.974273
4,家計_36_階層2,2,894,871,0.974273
4,家計_37_階層2,2,894,871,0.974273
4,家計_38_階層2,2,894,871,0.974273
4,家計_39_階層2,2,894,871,0.974273
4,家計_40_階層2,2,894,871,0.974273
4,家計_41_階層2,2,894,871,0.974273
4,家計_42_階層2,2,894,871,0.974273
4,家計_43_階層0,0,13325,6690,0.502064
4,家計_44_階層1,1,3331,3856,1.15761
4,家計_45_階層1,1,3331,3856,1.15761
4,家計_46_階層1,1,3331,3856,1.15761
4,家計_47_階層1,1,3331,3856,1.15761
4,家計_48_階層2,2,832,956,1.14904
4,家計_49_階層2,2,832,956,1.14904
4,家計_50_階層2,2,832,956,1.14904
4,家計_51_階層2,2,832,956,1.14904
4,家計_52_階層2,2,832,956,1.14904
4,家計_53_階層2,2,832,956,1.14904
4,家計_54_階層2,2,832,956,1.14904
4,家計_55_階層2,2,832,956,1.14904
4,家計_56_階層2,2,832,956,1.14904
4,家計_57_階層2,2,832,956,1.14904
4,家計_58_階層2,2,832,956,1.14904
4,家計_59_階層2,2,832,956,1.14904
4,家計_60_階層2,2,832,956,1.14904
4,家計_61_階層2,2,832,956,1.14904
4,家計_62_階層2,2,832,956,1.14904
4,家計_63_階層2,2,832,956,1.14904
4,家計_64_階層0,0,12976,6510,0.501695
4,家計_65_階層1,1,3244,3661,1.12855
4,家計_66_階層1,1,3244,3661,1.12855
4,家計_67_階層1,1,3244,3661,1.12855
4,家計_68_階層1,1,3244,3661,1.12855
4,家計_69_階層2,2,811,907,1.11837
4,家計_70_階層2,2,811,907,1.11837
4,家計_71_階層2,2,811,907,1.11837
4,家計_72_階層2,2,811,907,1.11837
4,家計_73_階層2,2,811,907,1.11837
4,家計_74_階層2,2,811,907,1.11837
4,家計_75_階層2,2,811,907,1.11837
4,家計_76_階層2,2,811,907,1.11837
4,家計_77_階層2,2,811,907,1.11837
4,家計_78_階層2,2,811,907,1.11837
4,家計_79_階層2,2,811,907,1.11837
4,家計_80_階層2,2,811,907,1.11837
4,家計_81_階層2,2,811,907,1.11837
4,家計_82_階層2,2,811,907,1.11837
4,家計_83_階層2,2,811,907,1.11837
4,家計_84_階層2,2,811,907,1.11837
4,家計_85_階層0,0,13436,6480,0.482286
4,家計_86_階層1,1,3359,3593,1.06966
4,家計_87_階層1,1,3359,3593,1.06966
4,家計_88_階層1,1,3359,3593,1.06966
4,家計_89_階層1,1,3359,3593,1.06966
4,家計_90_階層2,2,839,890,1.06079
4,家計_91_階層2,2,839,890,1.06079
4,家計_92_階層2,2,839,890,1.06079
4,家計_93_階層2,2,839,890,1.06079
4,家計_94_階層2,2,839,890,1.06079
4,家計_95_階層2,2,839,890,1.06079
4,家計_96_階層2,2,839,890,1.06079
4,家計_97_階層2,2,839,890,1.06079
4,家計_98_階層2,2,839,890,1.06079
4,家計_99_階層2,2,839,890,1.06079
4,家計_100_階層2,2,839,890,1.06079
4,家計_101_階層2,2,839,890,1.06079
4,家計_102_階層2,2,839,890,1.06079
4,家計_103_階層2,2,839,890,1.06079
4,家計_104_階層2,2,839,890,1.06079
4,家計_105_階層2,2,839,890,1.06079
4,家計_106_階層0,0,9359,5700,0.609039
4,家計_107_階層1,1,2339,2648,1.13211
4,家計_108_階層1,1,2339,2648,1.13211
4,家計_109_階層1,1,2339,2648,1.13211
4,家計_110_階層1,1,2339,2648,1.13211
4,家計_111_階層2,2,584,654,1.11986
4,家計_112_階層2,2,584,654,1.11986
4,家計_113_階層2,2,584,654,1.11986
4,家計_114_階層2,2,584,654,1.11986
4,家計_115_階層2,2,584,654,1.11986
4,家計_116_階層2,2,584,654,1.11986
4,家計_117_階層2,2,584,654,1.11986
4,家計_118_階層2,2,584,654,1.11986
4,家計_119_階層2,2,584,654,1.11986
4,家計_120_階層2,2,584,654,1.11986
4,家計_121_階層2,2,584,654,1.11986
4,家計_122_階層2,2,584,654,1.11986
4,家計_123_階層2,2,584,654,1.11986
4,家計_124_階層2,2,584,654,1.11986
4,家計_125_階層2,2,584,654,1.11986
4,家計_126_階層2,2,584,654,1.11986
4,家計_127_階層0,0,10023,5670,0.565699
4,家計_128_階層1,1,2505,2610,1.04192
4,家計_129_階層1,1,2505,2610,1.04192
4,家計_130_階層1,1,2505,2610,1.04192
4,家計_131_階層1,1,2505,2610,1.04192
4,家計_132_階層2,2,626,645,1.03035
4,家計_133_階層2,2,626,645,1.03035
4,家計_134_階層2,2,626,645,1.03035
4,家計_135_階層2,2,626,645,1.03035
4,家計_136_階層2,2,626,645,1.03035
4,家計_137_階層2,2,626,645,1.03035
4,家計_138_階層2,2,626,645,1.03035
4,家計_139_階層2,2,626,645,1.03035
4,家計_140_階層2,2,626,645,1.03035
4,家計_141_階層2,2,626,645,1.03035
4,家計_142_階層2,2,626,645,1.03035
4,家計_143_階層2,2,626,645,1.03035
4,家計_144_階層2,2,626,645,1.03035
4,家計_145_階層2,2,626,645,1.03035
4,家計_146_階層2,2,626,645,1.03035
4,家計_147_階層2,2,626,645,1.03035
4,家計_148_階層0,0,10201,5610,0.549946
4,家計_149_階層1,1,2550,2531,0.992549
4,家計_150_階層1,1,2550,2531,0.992549
4,家計_151_階層1,1,2550,2531,0.992549
4,家計_152_階層1,1,2550,2531,0.992549
4,家計_153_階層2,2,637,625,0.981162
4,家計_154_階層2,2,637,625,0.981162
4,家計_155_階層2,2,637,625,0.981162
4,家計_156_階層2,2,637,625,0.981162
4,家計_157_階層2,2,637,625,0.981162
4,家計_158_階層2,2,637,625,0.981162
4,家計_159_階層2,2,637,625,0.981162
4,家計_160_階層2,2,637,625,0.981162
4,家計_161_階層2,2,637,625,0.981162
4,家計_162_階層2,2,637,625,0.981162
4,家計_163_階層2,2,637,625,0.981162
4,家計_164_階層2,2,637,625,0.981162
4,家計_165_階層2,2,637,625,0.981162
4,家計_166_階層2,2,637,625,0.981162
4,家計_167_階層2,2,637,625,0.981162
4,家計_168_階層2,2,637,625,0.981162
4,家計_169_階層0,0,11377,5430,0.477279
4,家計_170_階層1,1,2844,2307,0.811181
4,家計_171_階層1,1,2844,2307,0.811181
4,家計_172_階層1,1,2844,2307,0.811181
4,家計_173_階層1,1,2844,2307,0.811181
4,家計_174_階層2,2,711,569,0.800281
4,家計_175_階層2,2,711,569,0.800281
4,家計_176_階層2,2,711,569,0.800281
4,家計_177_階層2,2,711,569,0.800281
4,家計_178_階層2,2,711,569,0.800281
4,家計_179_階層2,2,711,569,0.800281
4,家計_180_階層2,2,711,569,0.800281
4,家計_181_階層2,2,711,569,0.800281
4,家計_182_階層2,2,711,569,0.800281
4,家計_183_階層2,2,711,569,0.800281
4,家計_184_階層2,2,711,569,0.800281
4,家計_185_階層2,2,711,569,0.800281
4,家計_186_階層2,2,711,569,0.800281
4,家計_187_階層2,2,711,569,0.800281
4,家計_188_階層2,2,711,569,0.800281
4,家計_189_階層2,2,711,569,0.800281
4,家計_190_階層0,0,12082,5760,0.476742
4,家計_191_階層1,1,3020,2717,0.899669
4,家計_192_階層1,1,3020,2717,0.899669
4,家計_193_階層1,1,3020,2717,0.899669
4,家計_194_階層1,1,3020,2717,0.899669
4,家計_195_階層2,2,755,671,0.888742
4,家計_196_階層2,2,755,671,0.888742
4,家計_197_階層2,2,755,671,0.888742
4,家計_198_階層2,2,755,671,0.888742
4,家計_199_階層2,2,755,671,0.888742
4,家計_200_階層2,2,755,671,0.888742
4,家計_201_階層2,2,755,671,0.888742
4,家計_202_階層2,2,755,671,0.888742
4,家計_203_階層2,2,755,671,0.888742
4,家計_204_階層2,2,755,671,0.888742
4,家計_205_階層2,2,755,671,0.888742
4,家計_206_階層2,2,755,671,0.888742
4,家計_207_階層2,2,755,671,0.888742
4,家計_208_階層2,2,755,671,0.888742
4,家計_209_階層2,2,755,671,0.888742
4,家計_210_階層2,2,755,671,0.888742
5,家計_1_階層0,0,13495,6060,0.449055
5,家計_2_階層1,1,3373,3071,0.910465
5,家計_3_階層1,1,3373,3071,0.910465
5,家計_4_階層1,1,3373,3071,0.910465
5,家計_5_階層1,1,3373,3071,0.910465
5,家計_6_階層2,2,843,760,0.901542
5,家計_7_階層2,2,843,760,0.901542
5,家計_8_階層2,2,843,760,0.901542
5,家計_9_階層2,2,843,760,0.901542
5,家計_10_階層2,2,843,760,0.901542
5,家計_11_階層2,2,843,760,0.901542
5,家計_12_階層2,2,843,760,0.901542
5,家計_13_階層2,2,843,760,0.901542
5,家計_14_階層2,2,843,760,0.901542
5,家計_15_階層2,2,843,760,0.901542
5,家計_16_階層2,2,843,760,0.901542
5,家計_17_階層2,2,843,760,0.901542
5,家計_18_階層2,2,843,760,0.901542
5,家計_19_階層2,2,843,760,0.901542
5,家計_20_階層2,2,843,760,0.901542
5,家計_21_階層2,2,843,760,0.901542
5,家計_22_階層0,0,12402,6450,0.520077
5,家計_23_階層1,1,3100,3567,1.15065
5,家計_24_階層1,1,3100,3567,1.15065
5,家計_25_階層1,1,3100,3567,1.15065
5,家計_26_階層1,1,3100,3567,1.15065
5,家計_27_階層2,2,775,884,1.14065
5,家計_28_階層2,2,775,884,1.14065
5,家計_29_階層2,2,775,884,1.14065
5,家計_30_階層2,2,775,884,1.14065
5,家計_31_階層2,2,775,884,1.14065
5,家計_32_階層2,2,775,884,1.14065
5,家計_33_階層2,2,775,884,1.14065
5,家計_34_階層2,2,775,884,1.14065
5,家計_35_階層2,2,775,884,1.14065
5,家計_36_階層2,2,775,884,1.14065
5,家計_37_階層2,2,775,884,1.14065
5,家計_38_階層2,2,775,884,1.14065
5,家計_39_階層2,2,775,884,1.14065
5,家計_40_階層2,2,775,884,1.14065
5,家計_41_階層2,2,775,884,1.14065
5,家計_42_階層2,2,775,884,1.14065
5,家計_43_階層0,0,13345,6240,0.467591
5,家計_44_階層1,1,3336,3321,0.995504
5,家計_45_階層1,1,3336,3321,0.995504
5,家計_46_階層1,1,3336,3321,0.995504
5,家計_47_階層1,1,3336,3321,0.995504
5,家計_48_階層2,2,834,822,0.985612
5,家計_49_階層2,2,834,822,0.985612
5,家計_50_階層2,2,834,822,0.985612
5,家計_51_階層2,2,834,822,0.985612
5,家計_52_階層2,2,834,822,0.985612
5,家計_53_階層2,2,834,822,0.985612
5,家計_54_階層2,2,834,822,0.985612
5,家計_55_階層2,2,834,822,0.985612
5,家計_56_階層2,2,834,822,0.985612
5,家計_57_階層2,2,834,822,0.985612
5,家計_58_階層2,2,834,822,0.985612
5,家計_59_階層2,2,834,822,0.985612
5,家計_60_階層2,2,834,822,0.985612
5,家計_61_階層2,2,834,822,0.985612
5,家計_62_階層2,2,834,822,0.985612
5,家計_63_階層2,2,834,822,0.985612
5,家計_64_階層0,0,14020,6180,0.440799
5,家計_65_階層1,1,3505,3234,0.922682
5,家計_66_階層1,1,3505,3234,0.922682
5,家計_67_階層1,1,3505,3234,0.922682
5,家計_68_階層1,1,3505,3234,0.922682
5,家計_69_階層2,2,876,801,0.914384
5,家計_70_階層2,2,876,801,0.914384
5,家計_71_階層2,2,876,801,0.914384
5,家計_72_階層2,2,876,801,0.914384
5,家計_73_階層2,2,876,801,0.914384
5,家計_74_階層2,2,876,801,0.914384
5,家計_75_階層2,2,876,801,0.914384
5,家計_76_階層2,2,876,801,0.914384
5,家計_77_階層2,2,876,801,0.914384
5,家計_78_階層2,2,876,801,0.914384
5,家計_79_階層2,2,876,801,0.914384
5,家計_80_階層2,2,876,801,0.914384
5,家計_81_階層2,2,876,801,0.914384
5,家計_82_階層2,2,876,801,0.914384
5,家計_83_階層2,2,876,801,0.914384
5,家計_84_階層2,2,876,801,0.914384
5,家計_85_階層0,0,12627,6270,0.496555
5,家計_86_階層1,1,3156,3349,1.06115
5,家計_87_階層1,1,3156,3349,1.06115
5,家計_88_階層1,1,3156,3349,1.06115
5,家計_89_階層1,1,3156,3349,1.06115
5,家計_90_階層2,2,789,829,1.0507
5,家計_91_階層2,2,789,829,1.0507
5,家計_92_階層2,2,789,829,1.0507
5,家計_93_階層2,2,789,829,1.0507
5,家計_94_階層2,2,789,829,1.0507
5,家計_95_階層2,2,789,829,1.0507
5,家計_96_階層2,2,789,829,1.0507
5,家計_97_階層2,2,789,829,1.0507
5,家計_98_階層2,2,789,829,1.0507
5,家計_99_階層2,2,789,829,1.0507
5,家計_100_階層2,2,789,829,1.0507
5,家計_101_階層2,2,789,829,1.0507
5,家計_102_階層2,2,789,829,1.0507
5,家計_103_階層2,2,789,829,1.0507
5,家計_104_階層2,2,789,829,1.0507
5,家計_105_階層2,2,789,829,1.0507
5,家計_106_階層0,0,10348,5460,0.527638
5,家計_107_階層1,1,2587,2329,0.900271
5,家計_108_階層1,1,2587,2329,0.900271
5,家計_109_階層1,1,2587,2329,0.900271
5,家計_110_階層1,1,2587,2329,0.900271
5,家計_111_階層2,2,646,574,0.888545
5,家計_112_階層2,2,646,574,0.888545
5,家計_113_階層2,2,646,574,0.888545
5,家計_114_階層2,2,646,574,0.888545
5,家計_115_階層2,2,646,574,0.888545
5,家計_116_階層2,2,646,574,0.888545
5,家計_117_階層2,2,646,574,0.888545
5,家計_118_階層2,2,646,574,0.888545
5,家計_119_階層2,2,646,574,0.888545
5,家計_120_階層2,2,646,574,0.888545
5,家計_121_階層2,2,646,574,0.888545
5,家計_122_階層2,2,646,574,0.888545
5,家計_123_階層2,2,646,574,0.888545
5,家計_124_階層2,2,646,574,0.888545
5,家計_125_階層2,2,646,574,0.888545
5,家計_126_階層2,2,646,574,0.888545
5,家計_127_階層0,0,9690,5580,0.575851
5,家計_128_階層1,1,2422,2495,1.03014
5,家計_129_階層1,1,2422,2495,1.03014
5,家計_130_階層1,1,2422,2495,1.03014
5,家計_131_階層1,1,2422,2495,1.03014
5,家計_132_階層2,2,605,616,1.01818
5,家計_133_階層2,2,605,616,1.01818
5,家計_134_階層2,2,605,616,1.01818
5,家計_135_階層2,2,605,616,1.01818
5,家計_136_階層2,2,605,616,1.01818
5,家計_137_階層2,2,605,616,1.01818
5,家計_138_階層2,2,605,616,1.01818
5,家計_139_階層2,2,605,616,1.01818
5,家計_140_階層2,2,605,616,1.01818
5,家計_141_階層2,2,605,616,1.01818
5,家計_142_階層2,2,605,616,1.01818
5,家計_143_階層2,2,605,616,1.01818
5,家計_144_階層2,2,605,616,1.01818
5,家計_145_階層2,2,605,616,1.01818
5,家計_146_階層2,2,605,616,1.01818
5,家計_147_階層2,2,605,616,1.01818
5,家計_148_階層0,0,11284,5640,0.499823
5,家計_149_階層1,1,2821,2540,0.90039
5,家計_150_階層1,1,2821,2540,0.90039
5,家計_151_階層1,1,2821,2540,0.90039
5,家計_152_階層1,1,2821,2540,0.90039
5,家計_153_階層2,2,705,627,0.889362
5,家計_154_階層2,2,705,627,0.889362
5,家計_155_階層2,2,705,627,0.889362
5,家計_156_階層2,2,705,627,0.889362
5,家計_157_階層2,2,705,627,0.889362
5,家計_158_階層2,2,705,627,0.889362
5,家計_159_階層2,2,705,627,0.889362
5,家計_160_階層2,2,705,627,0.889362
5,家計_161_階層2,2,705,627,0.889362
5,家計_162_階層2,2,705,627,0.889362
5,家計_163_階層2,2,705,627,0.889362
5,家計_164_階層2,2,705,627,0.889362
5,家計_165_階層2,2,705,627,0.889362
5,家計_166_階層2,2,705,627,0.889362
5,家計_167_階層2,2,705,627,0.889362
5,家計_168_階層2,2,705,627,0.889362
5,家計_169_階層0,0,8421,5850,0.694692
5,家計_170_階層1,1,2105,2834,1.34632
5,家計_171_階層1,1,2105,2834,1.34632
5,家計_172_階層1,1,2105,2834,1.34632
5,家計_173_階層1,1,2105,2834,1.34632
5,家計_174_階層2,2,526,701,1.3327
5,家計_175_階層2,2,526,701,1.3327
5,家計_176_階層2,2,526,701,1.3327
5,家計_177_階層2,2,526,701,1.3327
5,家計_178_階層2,2,526,701,1.3327
5,家計_179_階層2,2,526,701,1.3327
5,家計_180_階層2,2,526,701,1.3327
5,家計_181_階層2,2,526,701,1.3327
5,家計_182_階層2,2,526,701,1.3327
5,家計_183_階層2,2,526,701,1.3327
5,家計_184_階層2,2,526,701,1.3327
5,家計_185_階層2,2,526,701,1.3327
5,家計_186_階層2,2,526,701,1.3327
5,家計_187_階層2,2,526,701,1.3327
5,家計_188_階層2,2,526,701,1.3327
5,家計_189_階層2,2,526,701,1.3327
5,家計_190_階層0,0,9887,6000,0.606857
5,家計_191_階層1,1,2471,3010,1.21813
5,家計_192_階層1,1,2471,3010,1.21813
5,家計_193_階層1,1,2471,3010,1.21813
5,家計_194_階層1,1,2471,3010,1.21813
5,家計_195_階層2,2,617,745,1.20746
5,家計_196_階層2,2,617,745,1.20746
5,家計_197_階層2,2,617,745,1.20746
5,家計_198_階層2,2,617,745,1.20746
5,家計_199_階層2,2,617,745,1.20746
5,家計_200_階層2,2,617,745,1.20746
5,家計_201_階層2,2,617,745,1.20746
5,家計_202_階層2,2,617,745,1.20746
5,家計_203_階層2,2,617,745,1.20746
5,家計_204_階層2,2,617,745,1.20746
5,家計_205_階層2,2,617,745,1.20746
5,家計_206_階層2,2,617,745,1.20746
5,家計_207_階層2,2,617,745,1.20746
5,家計_208_階層2,2,617,745,1.20746
5,家計_209_階層2,2,617,745,1.20746
5,家計_210_階層2,2,617,745,1.20746
6,家計_1_階層0,0,14047,6270,0.446359
6,家計_2_階層1,1,3511,3363,0.957847
6,家計_3_階層1,1,3511,3363,0.957847
6,家計_4_階層1,1,3511,3363,0.957847
6,家計_5_階層1,1,3511,3363,0.957847
6,家計_6_階層2,2,877,833,0.949829
6,家計_7_階層2,2,877,833,0.949829
6,家計_8_階層2,2,877,833,0.949829
6,家計_9_階層2,2,877,833,0.949829
6,家計_10_階層2,2,877,833,0.949829
6,家計_11_階層2,2,877,833,0.949829
6,家計_12_階層2,2,877,833,0.949829
6,家計_13_階層2,2,877,833,0.949829
6,家計_14_階層2,2,877,833,0.949829
6,家計_15_階層2,2,877,833,0.949829
6,家計_16_階層2,2,877,833,0.949829
6,家計_17_階層2,2,877,833,0.949829
6,家計_18_階層2,2,877,833,0.949829
6,家計_19_階層2,2,877,833,0.949829
6,家計_20_階層2,2,877,833,0.949829
6,家計_21_階層2,2,877,833,0.949829
6,家計_22_階層0,0,12357,6060,0.49041
6,家計_23_階層1,1,3089,3090,1.00032
6,家計_24_階層1,1,3089,3090,1.00032
6,家計_25_階層1,1,3089,3090,1.00032
6,家計_26_階層1,1,3089,3090,1.00032
6,家計_27_階層2,2,772,765,0.990933
6,家計_28_階層2,2,772,765,0.990933
6,家計_29_階層2,2,772,765,0.990933
6,家計_30_階層2,2,772,765,0.990933
6,家計_31_階層2,2,772,765,0.990933
6,家計_32_階層2,2,772,765,0.990933
6,家計_33_階層2,2,772,765,0.990933
6,家計_34_階層2,2,772,765,0.990933
6,家計_35_階層2,2,772,765,0.990933
6,家計_36_階層2,2,772,765,0.990933
6,家計_37_階層2,2,772,765,0.990933
6,家計_38_階層2,2,772,765,0.990933
6,家計_39_階層2,2,772,765,0.990933
6,家計_40_階層2,2,772,765,0.990933
6,家計_41_階層2,2,772,765,0.990933
6,家計_42_階層2,2,772,765,0.990933
6,家計_43_階層0,0,12783,6240,0.488148
6,家計_44_階層1,1,3195,3326,1.041
6,家計_45_階層1,1,3195,3326,1.041
6,家計_46_階層1,1,3195,3326,1.041
6,家計_47_階層1,1,3195,3326,1.041
6,家計_48_階層2,2,798,824,1.03258
6,家計_49_階層2,2,798,824,1.03258
6,家計_50_階層2,2,798,824,1.03258
6,家計_51_階層2,2,798,824,1.03258
6,家計_52_階層2,2,798,824,1.03258
6,家計_53_階層2,2,798,824,1.03258
6,家計_54_階層2,2,798,824,1.03258
6,家計_55_階層2,2,798,824,1.03258
6,家計_56_階層2,2,798,824,1.03258
6,家計_57_階層2,2,798,824,1.03258
6,家計_58_階層2,2,798,824,1.03258
6,家計_59_階層2,2,798,824,1.03258
6,家計_60_階層2,2,798,824,1.03258
6,家計_61_階層2,2,798,824,1.03258
6,家計_62_階層2,2,798,824,1.03258
6,家計_63_階層2,2,798,824,1.03258
6,家計_64_階層0,0,12942,6390,0.493741
6,家計_65_階層1,1,3235,3495,1.08037
6,家計_66_階層1,1,3235,3495,1.08037
6,家計_67_階層1,1,3235,3495,1.08037
6,家計_68_階層1,1,3235,3495,1.08037
6,家計_69_階層2,2,808,866,1.07178
6,家計_70_階層2,2,808,866,1.07178
6,家計_71_階層2,2,808,866,1.07178
6,家計_72_階層2,2,808,866,1.07178
6,家計_73_階層2,2,808,866,1.07178
6,家計_74_階層2,2,808,866,1.07178
6,家計_75_階層2,2,808,866,1.07178
6,家計_76_階層2,2,808,866,1.07178
6,家計_77_階層2,2,808,866,1.07178
6,家計_78_階層2,2,808,866,1.07178
6,家計_79_階層2,2,808,866,1.07178
6,家計_80_階層2,2,808,866,1.07178
6,家計_81_階層2,2,808,866,1.07178
6,家計_82_階層2,2,808,866,1.07178
6,家計_83_階層2,2,808,866,1.07178
6,家計_84_階層2,2,808,866,1.07178
6,家計_85_階層0,0,13448,6120,0.455086
6,家計_86_階層1,1,3362,3146,0.935753
6,家計_87_階層1,1,3362,3146,0.935753
6,家計_88_階層1,1,3362,3146,0.935753
6,家計_89_階層1,1,3362,3146,0.935753
6,家計_90_階層2,2,840,779,0.927381
6,家計_91_階層2,2,840,779,0.927381
6,家計_92_階層2,2,840,779,0.927381
6,家計_93_階層2,2,840,779,0.927381
6,家計_94_階層2,2,840,779,0.927381
6,家計_95_階層2,2,840,779,0.927381
6,家計_96_階層2,2,840,779,0.927381
6,家計_97_階層2,2,840,779,0.927381
6,家計_98_階層2,2,840,779,0.927381
6,家計_99_階層2,2,840,779,0.927381
6,家計_100_階層2,2,840,779,0.927381
6,家計_101_階層2,2,840,779,0.927381
6,家計_102_階層2,2,840,779,0.927381
6,家計_103_階層2,2,840,779,0.927381
6,家計_104_階層2,2,840,779,0.927381
6,家計_105_階層2,2,840,779,0.927381
6,家計_106_階層0,0,9311,5640,0.605735
6,家計_107_階層1,1,2327,2577,1.10743
6,家計_108_階層1,1,2327,2577,1.10743
6,家計_109_階層1,1,2327,2577,1.10743
6,家計_110_階層1,1,2327,2577,1.10743
6,家計_111_階層2,2,581,636,1.09466
6,家計_112_階層2,2,581,636,1.09466
6,家計_113_階層2,2,581,636,1.09466
6,家計_114_階層2,2,581,636,1.09466
6,家計_115_階層2,2,581,636,1.09466
6,家計_116_階層2,2,581,636,1.09466
6,家計_117_階層2,2,581,636,1.09466
6,家計_118_階層2,2,581,636,1.09466
6,家計_119_階層2,2,581,636,1.09466
6,家計_120_階層2,2,581,636,1.09466
6,家計_121_階層2,2,581,636,1.09466
6,家計_122_階層2,2,581,636,1.09466
6,家計_123_階層2,2,581,636,1.09466
6,家計_124_階層2,2,581,636,1.09466
6,家計_125_階層2,2,581,636,1.09466
6,家計_126_階層2,2,581,636,1.09466
6,家計_127_階層0,0,9684,5520,0.570012
6,家計_128_階層1,1,2421,2412,0.996283
6,家計_129_階層1,1,2421,2412,0.996283
6,家計_130_階層1,1,2421,2412,0.996283
6,家計_131_階層1,1,2421,2412,0.996283
6,家計_132_階層2,2,605,595,0.983471
6,家計_133_階層2,2,605,595,0.983471
6,家計_134_階層2,2,605,595,0.983471
6,家計_135_階層2,2,605,595,0.983471
6,家計_136_階層2,2,605,595,0.983471
6,家計_137_階層2,2,605,595,0.983471
6,家計_138_階層2,2,605,595,0.983471
6,家計_139_階層2,2,605,595,0.983471
6,家計_140_階層2,2,605,595,0.983471
6,家計_141_階層2,2,605,595,0.983471
6,家計_142_階層2,2,605,595,0.983471
6,家計_143_階層2,2,605,595,0.983471
6,家計_144_階層2,2,605,595,0.983471
6,家計_145_階層2,2,605,595,0.983471
6,家計_146_階層2,2,605,595,0.983471
6,家計_147_階層2,2,605,595,0.983471
6,家計_148_階層0,0,9400,5850,0.62234
6,家計_149_階層1,1,2350,2811,1.19617
6,家計_150_階層1,1,2350,2811,1.19617
6,家計_151_階層1,1,2350,2811,1.19617
6,家計_152_階層1,1,2350,2811,1.19617
6,家計_153_階層2,2,587,695,1.18399
6,家計_154_階層2,2,587,695,1.18399
6,家計_155_階層2,2,587,695,1.18399
6,家計_156_階層2,2,587,695,1.18399
6,家計_157_階層2,2,587,695,1.18399
6,家計_158_階層2,2,587,695,1.18399
6,家計_159_階層2,2,587,695,1.18399
6,家計_160_階層2,2,587,695,1.18399
6,家計_161_階層2,2,587,695,1.18399
6,家計_162_階層2,2,587,695,1.18399
6,家計_163_階層2,2,587,695,1.18399
6,家計_164_階層2,2,587,695,1.18399
6,家計_165_階層2,2,587,695,1.18399
6,家計_166_階層2,2,587,695,1.18399
6,家計_167_階層2,2,587,695,1.18399
6,家計_168_階層2,2,587,695,1.18399
6,家計_169_階層0,0,9328,5280,0.566038
6,家計_170_階層1,1,2332,2095,0.89837
6,家計_171_階層1,1,2332,2095,0.89837
6,家計_172_階層1,1,2332,2095,0.89837
6,家計_173_階層1,1,2332,2095,0.89837
6,家計_174_階層2,2,583,516,0.885077
6,家計_175_階層2,2,583,516,0.885077
6,家計_176_階層2,2,583,516,0.885077
6,家計_177_階層2,2,583,516,0.885077
6,家計_178_階層2,2,583,516,0.885077
6,家計_179_階層2,2,583,516,0.885077
6,家計_180_階層2,2,583,516,0.885077
6,家計_181_階層2,2,583,516,0.885077
6,家計_182_階層2,2,583,516,0.885077
6,家計_183_階層2,2,583,516,0.885077
6,家計_184_階層2,2,583,516,0.885077
6,家計_185_階層2,2,583,516,0.885077
6,家計_186_階層2,2,583,516,0.885077
6,家計_187_階層2,2,583,516,0.885077
6,家計_188_階層2,2,583,516,0.885077
6,家計_189_階層2,2,583,516,0.885077
6,家計_190_階層0,0,9352,5550,0.593456
6,家計_191_階層1,1,2338,2461,1.05261
6,家計_192_階層1,1,2338,2461,1.05261
6,家計_193_階層1,1,2338,2461,1.05261
6,家計_194_階層1,1,2338,2461,1.05261
6,家計_195_階層2,2,584,607,1.03938
6,家計_196_階層2,2,584,607,1.03938
6,家計_197_階層2,2,584,607,1.03938
6,家計_198_階層2,2,584,607,1.03938
6,家計_199_階層2,2,584,607,1.03938
6,家計_200_階層2,2,584,607,1.03938
6,家計_201_階層2,2,584,607,1.03938
6,家計_202_階層2,2,584,607,1.03938
6,家計_203_階層2,2,584,607,1.03938
6,家計_204_階層2,2,584,607,1.03938
6,家計_205_階層2,2,584,607,1.03938
6,家計_206_階層2,2,584,607,1.03938
6,家計_207_階層2,2,584,607,1.03938
6,家計_208_階層2,2,584,607,1.03938
6,家計_209_階層2,2,584,607,1.03938
6,家計_210_階層2,2,584,607,1.03938
7,家計_1_階層0,0,12873,6390,0.496388
7,家計_2_階層1,1,3218,3501,1.08794
7,家計_3_階層1,1,3218,3501,1.08794
7,家計_4_階層1,1,3218,3501,1.08794
7,家計_5_階層1,1,3218,3501,1.08794
7,家計_6_階層2,2,804,867,1.07836
7,家計_7_階層2,2,804,867,1.07836
7,家計_8_階層2,2,804,867,1.07836
7,家計_9_階層2,2,804,867,1.07836
7,家計_10_階層2,2,804,867,1.07836
7,家計_11_階層2,2,804,867,1.07836
7,家計_12_階層2,2,804,867,1.07836
7,家計_13_階層2,2,804,867,1.07836
7,家計_14_階層2,2,804,867,1.07836
7,家計_15_階層2,2,804,867,1.07836
7,家計_16_階層2,2,804,867,1.07836
7,家計_17_階層2,2,804,867,1.07836
7,家計_18_階層2,2,804,867,1.07836
7,家計_19_階層2,2,804,867,1.07836
7,家計_20_階層2,2,804,867,1.07836
7,家計_21_階層2,2,804,867,1.07836
7,家計_22_階層0,0,11959,6060,0.506731
7,家計_23_階層1,1,2989,3079,1.03011
7,家計_24_階層1,1,2989,3079,1.03011
7,家計_25_階層1,1,2989,3079,1.03011
7,家計_26_階層1,1,2989,3079,1.03011
7,家計_27_階層2,2,747,762,1.02008
7,家計_28_階層2,2,747,762,1.02008
7,家計_29_階層2,2,747,762,1.02008
7,家計_30_階層2,2,747,762,1.02008
7,家計_31_階層2,2,747,762,1.02008
7,家計_32_階層2,2,747,762,1.02008
7,家計_33_階層2,2,747,762,1.02008
7,家計_34_階層2,2,747,762,1.02008
7,家計_35_階層2,2,747,762,1.02008
7,家計_36_階層2,2,747,762,1.02008
7,家計_37_階層2,2,747,762,1.02008
7,家計_38_階層2,2,747,762,1.02008
7,家計_39_階層2,2,747,762,1.02008
7,家計_40_階層2,2,747,762,1.02008
7,家計_41_階層2,2,747,762,1.02008
7,家計_42_階層2,2,747,762,1.02008
7,家計_43_階層0,0,13209,6150,0.465592
7,家計_44_階層1,1,3302,3185,0.964567
7,家計_45_階層1,1,3302,3185,0.964567
7,家計_46_階層1,1,3302,3185,0.964567
7,家計_47_階層1,1,3302,3185,0.964567
7,家計_48_階層2,2,825,788,0.955152
7,家計_49_階層2,2,825,788,0.955152
7,家計_50_階層2,2,825,788,0.955152
7,家計_51_階層2,2,825,788,0.955152
7,家計_52_階層2,2,825,788,0.955152
7,家計_53_階層2,2,825,788,0.955152
7,家計_54_階層2,2,825,788,0.955152
7,家計_55_階層2,2,825,788,0.955152
7,家計_56_階層2,2,825,788,0.955152
7,家計_57_階層2,2,825,788,0.955152
7,家計_58_階層2,2,825,788,0.955152
7,家計_59_階層2,2,825,788,0.955152
7,家計_60_階層2,2,825,788,0.955152
7,家計_61_階層2,2,825,788,0.955152
7,家計_62_階層2,2,825,788,0.955152
7,家計_63_階層2,2,825,788,0.955152
7,家計_64_階層0,0,12370,6180,0.499596
7,家計_65_階層1,1,3092,3225,1.04301
7,家計_66_階層1,1,3092,3225,1.04301
7,家計_67_階層1,1,3092,3225,1.04301
7,家計_68_階層1,1,3092,3225,1.04301
7,家計_69_階層2,2,773,798,1.03234
7,家計_70_階層2,2,773,798,1.03234
7,家計_71_階層2,2,773,798,1.03234
7,家計_72_階層2,2,773,798,1.03234
7,家計_73_階層2,2,773,798,1.03234
7,家計_74_階層2,2,773,798,1.03234
7,家計_75_階層2,2,773,798,1.03234
7,家計_76_階層2,2,773,798,1.03234
7,家計_77_階層2,2,773,798,1.03234
7,家計_78_階層2,2,773,798,1.03234
7,家計_79_階層2,2,773,798,1.03234
7,家計_80_階層2,2,773,798,1.03234
7,家計_81_階層2,2,773,798,1.03234
7,家計_82_階層2,2,773,798,1.03234
7,家計_83_階層2,2,773,798,1.03234
7,家計_84_階層2,2,773,798,1.03234
7,家計_85_階層0,0,13485,6270,0.464961
7,家計_86_階層1,1,3371,3352,0.994364
7,家計_87_階層1,1,3371,3352,0.994364
7,家計_88_階層1,1,3371,3352,0.994364
7,家計_89_階層1,1,3371,3352,0.994364
7,家計_90_階層2,2,842,830,0.985748
7,家計_91_階層2,2,842,830,0.985748
7,家計_92_階層2,2,842,830,0.985748
7,家計_93_階層2,2,842,830,0.985748
7,家計_94_階層2,2,842,830,0.985748
7,家計_95_階層2,2,842,830,0.985748
7,家計_96_階層2,2,842,830,0.985748
7,家計_97_階層2,2,842,830,0.985748
7,家計_98_階層2,2,842,830,0.985748
7,家計_99_階層2,2,842,830,0.985748
7,家計_100_階層2,2,842,830,0.985748
7,家計_101_階層2,2,842,830,0.985748
7,家計_102_階層2,2,842,830,0.985748
7,家計_103_階層2,2,842,830,0.985748
7,家計_104_階層2,2,842,830,0.985748
7,家計_105_階層2,2,842,830,0.985748
7,家計_106_階層0,0,8902,5460,0.613345
7,家計_107_階層1,1,2225,2317,1.04135
7,家計_108_階層1,1,2225,2317,1.04135
7,家計_109_階層1,1,2225,2317,1.04135
7,家計_110_階層1,1,2225,2317,1.04135
7,家計_111_階層2,2,556,571,1.02698
7,家計_112_階層2,2,556,571,1.02698
7,家計_113_階層2,2,556,571,1.02698
7,家計_114_階層2,2,556,571,1.02698
7,家計_115_階層2,2,556,571,1.02698
7,家計_116_階層2,2,556,571,1.02698
7,家計_117_階層2,2,556,571,1.02698
7,家計_118_階層2,2,556,571,1.02698
7,家計_119_階層2,2,556,571,1.02698
7,家計_120_階層2,2,556,571,1.02698
7,家計_121_階層2,2,556,571,1.02698
7,家計_122_階層2,2,556,571,1.02698
7,家計_123_階層2,2,556,571,1.02698
7,家計_124_階層2,2,556,571,1.02698
7,家計_125_階層2,2,556,571,1.02698
7,家計_126_階層2,2,556,571,1.02698
7,家計_127_階層0,0,9556,5520,0.577648
7,家計_128_階層1,1,2389,2411,1.00921
7,家計_129_階層1,1,2389,2411,1.00921
7,家計_130_階層1,1,2389,2411,1.00921
7,家計_131_階層1,1,2389,2411,1.00921
7,家計_132_階層2,2,597,595,0.99665
7,家計_133_階層2,2,597,595,0.99665
7,家計_134_階層2,2,597,595,0.99665
7,家計_135_階層2,2,597,595,0.99665
7,家計_136_階層2,2,597,595,0.99665
7,家計_137_階層2,2,597,595,0.99665
7,家計_138_階層2,2,597,595,0.99665
7,家計_139_階層2,2,597,595,0.99665
7,家計_140_階層2,2,597,595,0.99665
7,家計_141_階層2,2,597,595,0.99665
7,家計_142_階層2,2,597,595,0.99665
7,家計_143_階層2,2,597,595,0.99665
7,家計_144_階層2,2,597,595,0.99665
7,家計_145_階層2,2,597,595,0.99665
7,家計_146_階層2,2,597,595,0.99665
7,家計_147_階層2,2,597,595,0.99665
7,家計_148_階層0,0,8600,5460,0.634884
7,家計_149_階層1,1,2150,2340,1.08837
7,家計_150_階層1,1,2150,2340,1.08837
7,家計_151_階層1,1,2150,2340,1.08837
7,家計_152_階層1,1,2150,2340,1.08837
7,家計_153_階層2,2,537,577,1.07449
7,家計_154_階層2,2,537,577,1.07449
7,家計_155_階層2,2,537,577,1.07449
7,家計_156_階層2,2,537,577,1.07449
7,家計_157_階層2,2,537,577,1.07449
7,家計_158_階層2,2,537,577,1.07449
7,家計_159_階層2,2,537,577,1.07449
7,家計_160_階層2,2,537,577,1.07449
7,家計_161_階層2,2,537,577,1.07449
7,家計_162_階層2,2,537,577,1.07449
7,家計_163_階層2,2,537,577,1.07449
7,家計_164_階層2,2,537,577,1.07449
7,家計_165_階層2,2,537,577,1.07449
7,家計_166_階層2,2,537,577,1.07449
7,家計_167_階層2,2,537,577,1.07449
7,家計_168_階層2,2,537,577,1.07449
7,家計_169_階層0,0,10887,5460,0.501516
7,家計_170_階層1,1,2721,2322,0.853363
7,家計_171_階層1,1,2721,2322,0.853363
7,家計_172_階層1,1,2721,2322,0.853363
7,家計_173_階層1,1,2721,2322,0.853363
7,家計_174_階層2,2,680,573,0.842647
7,家計_175_階層2,2,680,573,0.842647
7,家計_176_階層2,2,680,573,0.842647
7,家計_177_階層2,2,680,573,0.842647
7,家計_178_階層2,2,680,573,0.842647
7,家計_179_階層2,2,680,573,0.842647
7,家計_180_階層2,2,680,573,0.842647
7,家計_181_階層2,2,680,573,0.842647
7,家計_182_階層2,2,680,573,0.842647
7,家計_183_階層2,2,680,573,0.842647
7,家計_184_階層2,2,680,573,0.842647
7,家計_185_階層2,2,680,573,0.842647
7,家計_186_階層2,2,680,573,0.842647
7,家計_187_階層2,2,680,573,0.842647
7,家計_188_階層2,2,680,573,0.842647
7,家計_189_階層2,2,680,573,0.842647
7,家計_190_階層0,0,8730,5460,0.62543
7,家計_191_階層1,1,2182,2328,1.06691
7,家計_192_階層1,1,2182,2328,1.06691
7,家計_193_階層1,1,2182,2328,1.06691
7,家計_194_階層1,1,2182,2328,1.06691
7,家計_195_階層2,2,545,574,1.05321
7,家計_196_階層2,2,545,574,1.05321
7,家計_197_階層2,2,545,574,1.05321
7,家計_198_階層2,2,545,574,1.05321
7,家計_199_階層2,2,545,574,1.05321
7,家計_200_階層2,2,545,574,1.05321
7,家計_201_階層2,2,545,574,1.05321
7,家計_202_階層2,2,545,574,1.05321
7,家計_203_階層2,2,545,574,1.05321
7,家計_204_階層2,2,545,574,1.05321
7,家計_205_階層2,2,545,574,1.05321
7,家計_206_階層2,2,545,574,1.05321
7,家計_207_階層2,2,545,574,1.05321
7,家計_208_階層2,2,545,574,1.05321
7,家計_209_階層2,2,545,574,1.05321
7,家計_210_階層2,2,545,574,1.05321
8,家計_1_階層0,0,11166,6150,0.550779
8,家計_2_階層1,1,2791,3208,1.14941
8,家計_3_階層1,1,2791,3208,1.14941
8,家計_4_階層1,1,2791,3208,1.14941
8,家計_5_階層1,1,2791,3208,1.14941
8,家計_6_階層2,2,697,794,1.13917
8,家計_7_階層2,2,697,794,1.13917
8,家計_8_階層2,2,697,794,1.13917
8,家計_9_階層2,2,697,794,1.13917
8,家計_10_階層2,2,697,794,1.13917
8,家計_11_階層2,2,697,794,1.13917
8,家計_12_階層2,2,697,794,1.13917
8,家計_13_階層2,2,697,794,1.13917
8,家計_14_階層2,2,697,794,1.13917
8,家計_15_階層2,2,697,794,1.13917
8,家計_16_階層2,2,697,794,1.13917
8,家計_17_階層2,2,697,794,1.13917
8,家計_18_階層2,2,697,794,1.13917
8,家計_19_階層2,2,697,794,1.13917
8,家計_20_階層2,2,697,794,1.13917
8,家計_21_階層2,2,697,794,1.13917
8,家計_22_階層0,0,12508,5970,0.477295
8,家計_23_階層1,1,3127,2979,0.95267
8,家計_24_階層1,1,3127,2979,0.95267
8,家計_25_階層1,1,3127,2979,0.95267
8,家計_26_階層1,1,3127,2979,0.95267
8,家計_27_階層2,2,781,737,0.943662
8,家計_28_階層2,2,781,737,0.943662
8,家計_29_階層2,2,781,737,0.943662
8,家計_30_階層2,2,781,737,0.943662
8,家計_31_階層2,2,781,737,0.943662
8,家計_32_階層2,2,781,737,0.943662
8,家計_33_階層2,2,781,737,0.943662
8,家計_34_階層2,2,781,737,0.943662
8,家計_35_階層2,2,781,737,0.943662
8,家計_36_階層2,2,781,737,0.943662
8,家計_37_階層2,2,781,737,0.943662
8,家計_38_階層2,2,781,737,0.943662
8,家計_39_階層2,2,781,737,0.943662
8,家計_40_階層2,2,781,737,0.943662
8,家計_41_階層2,2,781,737,0.943662
8,家計_42_階層2,2,781,737,0.943662
8,家計_43_階層0,0,13328,6240,0.468187
8,家計_44_階層1,1,3332,3292,0.987995
8,家計_45_階層1,1,3332,3292,0.987995
8,家計_46_階層1,1,3332,3292,0.987995
8,家計_47_階層1,1,3332,3292,0.987995
8,家計_48_階層2,2,833,815,0.978391
8,家計_49_階層2,2,833,815,0.978391
8,家計_50_階層2,2,833,815,0.978391
8,家計_51_階層2,2,833,815,0.978391
8,家計_52_階層2,2,833,815,0.978391
8,家計_53_階層2,2,833,815,0.978391
8,家計_54_階層2,2,833,815,0.978391
8,家計_55_階層2,2,833,815,0.978391
8,家計_56_階層2,2,833,815,0.978391
8,家計_57_階層2,2,833,815,0.978391
8,家計_58_階層2,2,833,815,0.978391
8,家計_59_階層2,2,833,815,0.978391
8,家計_60_階層2,2,833,815,0.978391
8,家計_61_階層2,2,833,815,0.978391
8,家計_62_階層2,2,833,815,0.978391
8,家計_63_階層2,2,833,815,0.978391
8,家計_64_階層0,0,12341,6060,0.491046
8,家計_65_階層1,1,3085,3082,0.999028
8,家計_66_階層1,1,3085,3082,0.999028
8,家計_67_階層1,1,3085,3082,0.999028
8,家計_68_階層1,1,3085,3082,0.999028
8,家計_69_階層2,2,771,763,0.989624
8,家計_70_階層2,2,771,763,0.989624
8,家計_71_階層2,2,771,763,0.989624
8,家計_72_階層2,2,771,763,0.989624
8,家計_73_階層2,2,771,763,0.989624
8,家計_74_階層2,2,771,763,0.989624
8,家計_75_階層2,2,771,763,0.989624
8,家計_76_階層2,2,771,763,0.989624
8,家計_77_階層2,2,771,763,0.989624
8,家計_78_階層2,2,771,763,0.989624
8,家計_79_階層2,2,771,763,0.989624
8,家計_80_階層2,2,771,763,0.989624
8,家計_81_階層2,2,771,763,0.989624
8,家計_82_階層2,2,771,763,0.989624
8,家計_83_階層2,2,771,763,0.989624
8,家計_84_階層2,2,771,763,0.989624
8,家計_85_階層0,0,13003,6270,0.482196
8,家計_86_階層1,1,3250,3361,1.03415
8,家計_87_階層1,1,3250,3361,1.03415
8,家計_88_階層1,1,3250,3361,1.03415
8,家計_89_階層1,1,3250,3361,1.03415
8,家計_90_階層2,2,812,832,1.02463
8,家計_91_階層2,2,812,832,1.02463
8,家計_92_階層2,2,812,832,1.02463
8,家計_93_階層2,2,812,832,1.02463
8,家計_94_階層2,2,812,832,1.02463
8,家計_95_階層2,2,812,832,1.02463
8,家計_96_階層2,2,812,832,1.02463
8,家計_97_階層2,2,812,832,1.02463
8,家計_98_階層2,2,812,832,1.02463
8,家計_99_階層2,2,812,832,1.02463
8,家計_100_階層2,2,812,832,1.02463
8,家計_101_階層2,2,812,832,1.02463
8,家計_102_階層2,2,812,832,1.02463
8,家計_103_階層2,2,812,832,1.02463
8,家計_104_階層2,2,812,832,1.02463
8,家計_105_階層2,2,812,832,1.02463
8,家計_106_階層0,0,8753,5370,0.613504
8,家計_107_階層1,1,2188,2215,1.01234
8,家計_108_階層1,1,2188,2215,1.01234
8,家計_109_階層1,1,2188,2215,1.01234
8,家計_110_階層1,1,2188,2215,1.01234
8,家計_111_階層2,2,547,546,0.998172
8,家計_112_階層2,2,547,546,0.998172
8,家計_113_階層2,2,547,546,0.998172
8,家計_114_階層2,2,547,546,0.998172
8,家計_115_階層2,2,547,546,0.998172
8,家計_116_階層2,2,547,546,0.998172
8,家計_117_階層2,2,547,546,0.998172
8,家計_118_階層2,2,547,546,0.998172
8,家計_119_階層2,2,547,546,0.998172
8,家計_120_階層2,2,547,546,0.998172
8,家計_121_階層2,2,547,546,0.998172
8,家計_122_階層2,2,547,546,0.998172
8,家計_123_階層2,2,547,546,0.998172
8,家計_124_階層2,2,547,546,0.998172
8,家計_125_階層2,2,547,546,0.998172
8,家計_126_階層2,2,547,546,0.998172
8,家計_127_階層0,0,9820,5490,0.559063
8,家計_128_階層1,1,2455,2379,0.969043
8,家計_129_階層1,1,2455,2379,0.969043
8,家計_130_階層1,1,2455,2379,0.969043
8,家計_131_階層1,1,2455,2379,0.969043
8,家計_132_階層2,2,613,587,0.957586
8,家計_133_階層2,2,613,587,0.957586
8,家計_134_階層2,2,613,587,0.957586
8,家計_135_階層2,2,613,587,0.957586
8,家計_136_階層2,2,613,587,0.957586
8,家計_137_階層2,2,613,587,0.957586
8,家計_138_階層2,2,613,587,0.957586
8,家計_139_階層2,2,613,587,0.957586
8,家計_140_階層2,2,613,587,0.957586
8,家計_141_階層2,2,613,587,0.957586
8,家計_142_階層2,2,613,587,0.957586
8,家計_143_階層2,2,613,587,0.957586
8,家計_144_階層2,2,613,587,0.957586
8,家計_145_階層2,2,613,587,0.957586
8,家計_146_階層2,2,613,587,0.957586
8,家計_147_階層2,2,613,587,0.957586
8,家計_148_階層0,0,8991,5310,0.590591
8,家計_149_階層1,1,2247,2140,0.952381
8,家計_150_階層1,1,2247,2140,0.952381
8,家計_151_階層1,1,2247,2140,0.952381
8,家計_152_階層1,1,2247,2140,0.952381
8,家計_153_階層2,2,561,527,0.939394
8,家計_154_階層2,2,561,527,0.939394
8,家計_155_階層2,2,561,527,0.939394
8,家計_156_階層2,2,561,527,0.939394
8,家計_157_階層2,2,561,527,0.939394
8,家計_158_階層2,2,561,527,0.939394
8,家計_159_階層2,2,561,527,0.939394
8,家計_160_階層2,2,561,527,0.939394
8,家計_161_階層2,2,561,527,0.939394
8,家計_162_階層2,2,561,527,0.939394
8,家計_163_階層2,2,561,527,0.939394
8,家計_164_階層2,2,561,527,0.939394
8,家計_165_階層2,2,561,527,0.939394
8,家計_166_階層2,2,561,527,0.939394
8,家計_167_階層2,2,561,527,0.939394
8,家計_168_階層2,2,561,527,0.939394
8,家計_169_階層0,0,8968,5760,0.642284
8,家計_170_階層1,1,2242,2711,1.20919
8,家計_171_階層1,1,2242,2711,1.20919
8,家計_172_階層1,1,2242,2711,1.20919
8,家計_173_階層1,1,2242,2711,1.20919
8,家計_174_階層2,2,560,670,1.19643
8,家計_175_階層2,2,560,670,1.19643
8,家計_176_階層2,2,560,670,1.19643
8,家計_177_階層2,2,560,670,1.19643
8,家計_178_階層2,2,560,670,1.19643
8,家計_179_階層2,2,560,670,1.19643
8,家計_180_階層2,2,560,670,1.19643
8,家計_181_階層2,2,560,670,1.19643
8,家計_182_階層2,2,560,670,1.19643
8,家計_183_階層2,2,560,670,1.19643
8,家計_184_階層2,2,560,670,1.19643
8,家計_185_階層2,2,560,670,1.19643
8,家計_186_階層2,2,560,670,1.19643
8,家計_187_階層2,2,560,670,1.19643
8,家計_188_階層2,2,560,670,1.19643
8,家計_189_階層2,2,560,670,1.19643
8,家計_190_階層0,0,10157,5340,0.525746
8,家計_191_階層1,1,2539,2172,0.855455
8,家計_192_階層1,1,2539,2172,0.855455
8,家計_193_階層1,1,2539,2172,0.855455
8,家計_194_階層1,1,2539,2172,0.855455
8,家計_195_階層2,2,634,535,0.843849
8,家計_196_階層2,2,634,535,0.843849
8,家計_197_階層2,2,634,535,0.843849
8,家計_198_階層2,2,634,535,0.843849
8,家計_199_階層2,2,634,535,0.843849
8,家計_200_階層2,2,634,535,0.843849
8,家計_201_階層2,2,634,535,0.843849
8,家計_202_階層2,2,634,535,0.843849
8,家計_203_階層2,2,634,535,0.843849
8,家計_204_階層2,2,634,535,0.843849
8,家計_205_階層2,2,634,535,0.843849
8,家計_206_階層2,2,634,535,0.843849
8,家計_207_階層2,2,634,535,0.843849
8,家計_208_階層2,2,634,535,0.843849
8,家計_209_階層2,2,634,535,0.843849
8,家計_210_階層2,2,634,535,0.843849
9,家計_1_階層0,0,12201,5820,0.47701
9,家計_2_階層1,1,3050,2781,0.911803
9,家計_3_階層1,1,3050,2781,0.911803
9,家計_4_階層1,1,3050,2781,0.911803
9,家計_5_階層1,1,3050,2781,0.911803
9,家計_6_階層2,2,762,687,0.901575
9,家計_7_階層2,2,762,687,0.901575
9,家計_8_階層2,2,762,687,0.901575
9,家計_9_階層2,2,762,687,0.901575
9,家計_10_階層2,2,762,687,0.901575
9,家計_11_階層2,2,762,687,0.901575
9,家計_12_階層2,2,762,687,0.901575
9,家計_13_階層2,2,762,687,0.901575
9,家計_14_階層2,2,762,687,0.901575
9,家計_15_階層2,2,762,687,0.901575
9,家計_16_階層2,2,762,687,0.901575
9,家計_17_階層2,2,762,687,0.901575
9,家計_18_階層2,2,762,687,0.901575
9,家計_19_階層2,2,762,687,0.901575
9,家計_20_階層2,2,762,687,0.901575
9,家計_21_階層2,2,762,687,0.901575
9,家計_22_階層0,0,12493,6090,0.487473
9,家計_23_階層1,1,3123,3117,0.998079
9,家計_24_階層1,1,3123,3117,0.998079
9,家計_25_階層1,1,3123,3117,0.998079
9,家計_26_階層1,1,3123,3117,0.998079
9,家計_27_階層2,2,780,771,0.988462
9,家計_28_階層2,2,780,771,0.988462
9,家計_29_階層2,2,780,771,0.988462
9,家計_30_階層2,2,780,771,0.988462
9,家計_31_階層2,2,780,771,0.988462
9,家計_32_階層2,2,780,771,0.988462
9,家計_33_階層2,2,780,771,0.988462
9,家計_34_階層2,2,780,771,0.988462
9,家計_35_階層2,2,780,771,0.988462
9,家計_36_階層2,2,780,771,0.988462
9,家計_37_階層2,2,780,771,0.988462
9,家計_38_階層2,2,780,771,0.988462
9,家計_39_階層2,2,780,771,0.988462
9,家計_40_階層2,2,780,771,0.988462
9,家計_41_階層2,2,780,771,0.988462
9,家計_42_階層2,2,780,771,0.988462
9,家計_43_階層0,0,12997,6240,0.480111
9,家計_44_階層1,1,3249,3322,1.02247
9,家計_45_階層1,1,3249,3322,1.02247
9,家計_46_階層1,1,3249,3322,1.02247
9,家計_47_階層1,1,3249,3322,1.02247
9,家計_48_階層2,2,812,823,1.01355
9,家計_49_階層2,2,812,823,1.01355
9,家計_50_階層2,2,812,823,1.01355
9,家計_51_階層2,2,812,823,1.01355
9,家計_52_階層2,2,812,823,1.01355
9,家計_53_階層2,2,812,823,1.01355
9,家計_54_階層2,2,812,823,1.01355
9,家計_55_階層2,2,812,823,1.01355
9,家計_56_階層2,2,812,823,1.01355
9,家計_57_階層2,2,812,823,1.01355
9,家計_58_階層2,2,812,823,1.01355
9,家計_59_階層2,2,812,823,1.01355
9,家計_60_階層2,2,812,823,1.01355
9,家計_61_階層2,2,812,823,1.01355
9,家計_62_階層2,2,812,823,1.01355
9,家計_63_階層2,2,812,823,1.01355
9,家計_64_階層0,0,12321,6060,0.491843
9,家計_65_階層1,1,3080,3075,0.998377
9,家計_66_階層1,1,3080,3075,0.998377
9,家計_67_階層1,1,3080,3075,0.998377
9,家計_68_階層1,1,3080,3075,0.998377
9,家計_69_階層2,2,770,761,0.988312
9,家計_70_階層2,2,770,761,0.988312
9,家計_71_階層2,2,770,761,0.988312
9,家計_72_階層2,2,770,761,0.988312
9,家計_73_階層2,2,770,761,0.988312
9,家計_74_階層2,2,770,761,0.988312
9,家計_75_階層2,2,770,761,0.988312
9,家計_76_階層2,2,770,761,0.988312
9,家計_77_階層2,2,770,761,0.988312
9,家計_78_階層2,2,770,761,0.988312
9,家計_79_階層2,2,770,761,0.988312
9,家計_80_階層2,2,770,761,0.988312
9,家計_81_階層2,2,770,761,0.988312
9,家計_82_階層2,2,770,761,0.988312
9,家計_83_階層2,2,770,761,0.988312
9,家計_84_階層2,2,770,761,0.988312
9,家計_85_階層0,0,11940,6180,0.517588
9,家計_86_階層1,1,2985,3240,1.08543
9,家計_87_階層1,1,2985,3240,1.08543
9,家計_88_階層1,1,2985,3240,1.08543
9,家計_89_階層1,1,2985,3240,1.08543
9,家計_90_階層2,2,746,802,1.07507
9,家計_91_階層2,2,746,802,1.07507
9,家計_92_階層2,2,746,802,1.07507
9,家計_93_階層2,2,746,802,1.07507
9,家計_94_階層2,2,746,802,1.07507
9,家計_95_階層2,2,746,802,1.07507
9,家計_96_階層2,2,746,802,1.07507
9,家計_97_階層2,2,746,802,1.07507
9,家計_98_階層2,2,746,802,1.07507
9,家計_99_階層2,2,746,802,1.07507
9,家計_100_階層2,2,746,802,1.07507
9,家計_101_階層2,2,746,802,1.07507
9,家計_102_階層2,2,746,802,1.07507
9,家計_103_階層2,2,746,802,1.07507
9,家計_104_階層2,2,746,802,1.07507
9,家計_105_階層2,2,746,802,1.07507
9,家計_106_階層0,0,10235,5340,0.521739
9,家計_107_階層1,1,2558,2178,0.851446
9,家計_108_階層1,1,2558,2178,0.851446
9,家計_109_階層1,1,2558,2178,0.851446
9,家計_110_階層1,1,2558,2178,0.851446
9,家計_111_階層2,2,639,537,0.840376
9,家計_112_階層2,2,639,537,0.840376
9,家計_113_階層2,2,639,537,0.840376
9,家計_114_階層2,2,639,537,0.840376
9,家計_115_階層2,2,639,537,0.840376
9,家計_116_階層2,2,639,537,0.840376
9,家計_117_階層2,2,639,537,0.840376
9,家計_118_階層2,2,639,537,0.840376
9,家計_119_階層2,2,639,537,0.840376
9,家計_120_階層2,2,639,537,0.840376
9,家計_121_階層2,2,639,537,0.840376
9,家計_122_階層2,2,639,537,0.840376
9,家計_123_階層2,2,639,537,0.840376
9,家計_124_階層2,2,639,537,0.840376
9,家計_125_階層2,2,639,537,0.840376
9,家計_126_階層2,2,639,537,0.840376
9,家計_127_階層0,0,8993,5550,0.617147
9,家計_128_階層1,1,2248,2445,1.08763
9,家計_129_階層1,1,2248,2445,1.08763
9,家計_130_階層1,1,2248,2445,1.08763
9,家計_131_階層1,1,2248,2445,1.08763
9,家計_132_階層2,2,562,603,1.07295
9,家計_133_階層2,2,562,603,1.07295
9,家計_134_階層2,2,562,603,1.07295
9,家計_135_階層2,2,562,603,1.07295
9,家計_136_階層2,2,562,603,1.07295
9,家計_137_階層2,2,562,603,1.07295
9,家計_138_階層2,2,562,603,1.07295
9,家計_139_階層2,2,562,603,1.07295
9,家計_140_階層2,2,562,603,1.07295
9,家計_141_階層2,2,562,603,1.07295
9,家計_142_階層2,2,562,603,1.07295
9,家計_143_階層2,2,562,603,1.07295
9,家計_144_階層2,2,562,603,1.07295
9,家計_145_階層2,2,562,603,1.07295
9,家計_146_階層2,2,562,603,1.07295
9,家計_147_階層2,2,562,603,1.07295
9,家計_148_階層0,0,8637,5370,0.621744
9,家計_149_階層1,1,2159,2237,1.03613
9,家計_150_階層1,1,2159,2237,1.03613
9,家計_151_階層1,1,2159,2237,1.03613
9,家計_152_階層1,1,2159,2237,1.03613
9,家計_153_階層2,2,539,551,1.02226
9,家計_154_階層2,2,539,551,1.02226
9,家計_155_階層2,2,539,551,1.02226
9,家計_156_階層2,2,539,551,1.02226
9,家計_157_階層2,2,539,551,1.02226
9,家計_158_階層2,2,539,551,1.02226
9,家計_159_階層2,2,539,551,1.02226
9,家計_160_階層2,2,539,551,1.02226
9,家計_161_階層2,2,539,551,1.02226
9,家計_162_階層2,2,539,551,1.02226
9,家計_163_階層2,2,539,551,1.02226
9,家計_164_階層2,2,539,551,1.02226
9,家計_165_階層2,2,539,551,1.02226
9,家計_166_階層2,2,539,551,1.02226
9,家計_167_階層2,2,539,551,1.02226
9,家計_168_階層2,2,539,551,1.02226
9,家計_169_階層0,0,7956,5370,0.674962
9,家計_170_階層1,1,1989,2232,1.12217
9,家計_171_階層1,1,1989,2232,1.12217
9,家計_172_階層1,1,1989,2232,1.12217
9,家計_173_階層1,1,1989,2232,1.12217
9,家計_174_階層2,2,497,550,1.10664
9,家計_175_階層2,2,497,550,1.10664
9,家計_176_階層2,2,497,550,1.10664
9,家計_177_階層2,2,497,550,1.10664
9,家計_178_階層2,2,497,550,1.10664
9,家計_179_階層2,2,497,550,1.10664
9,家計_180_階層2,2,497,550,1.10664
9,家計_181_階層2,2,497,550,1.10664
9,家計_182_階層2,2,497,550,1.10664
9,家計_183_階層2,2,497,550,1.10664
9,家計_184_階層2,2,497,550,1.10664
9,家計_185_階層2,2,497,550,1.10664
9,家計_186_階層2,2,497,550,1.10664
9,家計_187_階層2,2,497,550,1.10664
9,家計_188_階層2,2,497,550,1.10664
9,家計_189_階層2,2,497,550,1.10664
9,家計_190_階層0,0,10125,5610,0.554074
9,家計_191_階層1,1,2531,2529,0.99921
9,家計_192_階層1,1,2531,2529,0.99921
9,家計_193_階層1,1,2531,2529,0.99921
9,家計_194_階層1,1,2531,2529,0.99921
9,家計_195_階層2,2,632,624,0.987342
9,家計_196_階層2,2,632,624,0.987342
9,家計_197_階層2,2,632,624,0.987342
9,家計_198_階層2,2,632,624,0.987342
9,家計_199_階層2,2,632,624,0.987342
9,家計_200_階層2,2,632,624,0.987342
9,家計_201_階層2,2,632,624,0.987342
9,家計_202_階層2,2,632,624,0.987342
9,家計_203_階層2,2,632,624,0.987342
9,家計_204_階層2,2,632,624,0.987342
9,家計_205_階層2,2,632,624,0.987342
9,家計_206_階層2,2,632,624,0.987342
9,家計_207_階層2,2,632,624,0.987342
9,家計_208_階層2,2,632,624,0.987342
9,家計_209_階層2,2,632,624,0.987342
9,家計_210_階層2,2,632,624,0.987342
10,家計_1_階層0,0,13245,6030,0.455266
10,家計_2_階層1,1,3311,3040,0.918152
10,家計_3_階層1,1,3311,3040,0.918152
10,家計_4_階層1,1,3311,3040,0.918152
10,家計_5_階層1,1,3311,3040,0.918152
10,家計_6_階層2,2,827,752,0.909311
10,家計_7_階層2,2,827,752,0.909311
10,家計_8_階層2,2,827,752,0.909311
10,家計_9_階層2,2,827,752,0.909311
10,家計_10_階層2,2,827,752,0.909311
10,家計_11_階層2,2,827,752,0.909311
10,家計_12_階層2,2,827,752,0.909311
10,家計_13_階層2,2,827,752,0.909311
10,家計_14_階層2,2,827,752,0.909311
10,家計_15_階層2,2,827,752,0.909311
10,家計_16_階層2,2,827,752,0.909311
10,家計_17_階層2,2,827,752,0.909311
10,家計_18_階層2,2,827,752,0.909311
10,家計_19_階層2,2,827,752,0.909311
10,家計_20_階層2,2,827,752,0.909311
10,家計_21_階層2,2,827,752,0.909311
10,家計_22_階層0,0,12072,6090,0.504473
10,家計_23_階層1,1,3018,3113,1.03148
10,家計_24_階層1,1,3018,3113,1.03148
10,家計_25_階層1,1,3018,3113,1.03148
10,家計_26_階層1,1,3018,3113,1.03148
10,家計_27_階層2,2,754,770,1.02122
10,家計_28_階層2,2,754,770,1.02122
10,家計_29_階層2,2,754,770,1.02122
10,家計_30_階層2,2,754,770,1.02122
10,家計_31_階層2,2,754,770,1.02122
10,家計_32_階層2,2,754,770,1.02122
10,家計_33_階層2,2,754,770,1.02122
10,家計_34_階層2,2,754,770,1.02122
10,家計_35_階層2,2,754,770,1.02122
10,家計_36_階層2,2,754,770,1.02122
10,家計_37_階層2,2,754,770,1.02122
10,家計_38_階層2,2,754,770,1.02122
10,家計_39_階層2,2,754,770,1.02122
10,家計_40_階層2,2,754,770,1.02122
10,家計_41_階層2,2,754,770,1.02122
10,家計_42_階層2,2,754,770,1.02122
10,家計_43_階層0,0,11879,6180,0.520246
10,家計_44_階層1,1,2969,3239,1.09094
10,家計_45_階層1,1,2969,3239,1.09094
10,家計_46_階層1,1,2969,3239,1.09094
10,家計_47_階層1,1,2969,3239,1.09094
10,家計_48_階層2,2,742,802,1.08086
10,家計_49_階層2,2,742,802,1.08086
10,家計_50_階層2,2,742,802,1.08086
10,家計_51_階層2,2,742,802,1.08086
10,家計_52_階層2,2,742,802,1.08086
10,家計_53_階層2,2,742,802,1.08086
10,家計_54_階層2,2,742,802,1.08086
10,家計_55_階層2,2,742,802,1.08086
10,家計_56_階層2,2,742,802,1.08086
10,家計_57_階層2,2,742,802,1.08086
10,家計_58_階層2,2,742,802,1.08086
10,家計_59_階層2,2,742,802,1.08086
10,家計_60_階層2,2,742,802,1.08086
10,家計_61_階層2,2,742,802,1.08086
10,家計_62_階層2,2,742,802,1.08086
10,家計_63_階層2,2,742,802,1.08086
10,家計_64_階層0,0,11898,6060,0.509329
10,家計_65_階層1,1,2974,3070,1.03228
10,家計_66_階層1,1,2974,3070,1.03228
10,家計_67_階層1,1,2974,3070,1.03228
10,家計_68_階層1,1,2974,3070,1.03228
10,家計_69_階層2,2,743,760,1.02288
10,家計_70_階層2,2,743,760,1.02288
10,家計_71_階層2,2,743,760,1.02288
10,家計_72_階層2,2,743,760,1.02288
10,家計_73_階層2,2,743,760,1.02288
10,家計_74_階層2,2,743,760,1.02288
10,家計_75_階層2,2,743,760,1.02288
10,家計_76_階層2,2,743,760,1.02288
10,家計_77_階層2,2,743,760,1.02288
10,家計_78_階層2,2,743,760,1.02288
10,家計_79_階層2,2,743,760,1.02288
10,家計_80_階層2,2,743,760,1.02288
10,家計_81_階層2,2,743,760,1.02288
10,家計_82_階層2,2,743,760,1.02288
10,家計_83_階層2,2,743,760,1.02288
10,家計_84_階層2,2,743,760,1.02288
10,家計_85_階層0,0,11661,5970,0.511963
10,家計_86_階層1,1,2915,2975,1.02058
10,家計_87_階層1,1,2915,2975,1.02058
10,家計_88_階層1,1,2915,2975,1.02058
10,家計_89_階層1,1,2915,2975,1.02058
10,家計_90_階層2,2,728,736,1.01099
10,家計_91_階層2,2,728,736,1.01099
10,家計_92_階層2,2,728,736,1.01099
10,家計_93_階層2,2,728,736,1.01099
10,家計_94_階層2,2,728,736,1.01099
10,家計_95_階層2,2,728,736,1.01099
10,家計_96_階層2,2,728,736,1.01099
10,家計_97_階層2,2,728,736,1.01099
10,家計_98_階層2,2,728,736,1.01099
10,家計_99_階層2,2,728,736,1.01099
10,家計_100_階層2,2,728,736,1.01099
10,家計_101_階層2,2,728,736,1.01099
10,家計_102_階層2,2,728,736,1.01099
10,家計_103_階層2,2,728,736,1.01099
10,家計_104_階層2,2,728,736,1.01099
10,家計_105_階層2,2,728,736,1.01099
10,家計_106_階層0,0,9056,5640,0.622792
10,家計_107_階層1,1,2264,2548,1.12544
10,家計_108_階層1,1,2264,2548,1.12544
10,家計_109_階層1,1,2264,2548,1.12544
10,家計_110_階層1,1,2264,2548,1.12544
10,家計_111_階層2,2,566,629,1.11131
10,家計_112_階層2,2,566,629,1.11131
10,家計_113_階層2,2,566,629,1.11131
10,家計_114_階層2,2,566,629,1.11131
10,家計_115_階層2,2,566,629,1.11131
10,家計_116_階層2,2,566,629,1.11131
10,家計_117_階層2,2,566,629,1.11131
10,家計_118_階層2,2,566,629,1.11131
10,家計_119_階層2,2,566,629,1.11131
10,家計_120_階層2,2,566,629,1.11131
10,家計_121_階層2,2,566,629,1.11131
10,家計_122_階層2,2,566,629,1.11131
10,家計_123_階層2,2,566,629,1.11131
10,家計_124_階層2,2,566,629,1.11131
10,家計_125_階層2,2,566,629,1.11131
10,家計_126_階層2,2,566,629,1.11131
10,家計_127_階層0,0,9554,5370,0.562068
10,家計_128_階層1,1,2388,2238,0.937186
10,家計_129_階層1,1,2388,2238,0.937186
10,家計_130_階層1,1,2388,2238,0.937186
10,家計_131_階層1,1,2388,2238,0.937186
10,家計_132_階層2,2,597,552,0.924623
10,家計_133_階層2,2,597,552,0.924623
10,家計_134_階層2,2,597,552,0.924623
10,家計_135_階層2,2,597,552,0.924623
10,家計_136_階層2,2,597,552,0.924623
10,家計_137_階層2,2,597,552,0.924623
10,家計_138_階層2,2,597,552,0.924623
10,家計_139_階層2,2,597,552,0.924623
10,家計_140_階層2,2,597,552,0.924623
10,家計_141_階層2,2,597,552,0.924623
10,家計_142_階層2,2,597,552,0.924623
10,家計_143_階層2,2,597,552,0.924623
10,家計_144_階層2,2,597,552,0.924623
10,家計_145_階層2,2,597,552,0.924623
10,家計_146_階層2,2,597,552,0.924623
10,家計_147_階層2,2,597,552,0.924623
10,家計_148_階層0,0,9799,5310,0.541892
10,家計_149_階層1,1,2449,2149,0.877501
10,家計_150_階層1,1,2449,2149,0.877501
10,家計_151_階層1,1,2449,2149,0.877501
10,家計_152_階層1,1,2449,2149,0.877501
10,家計_153_階層2,2,612,529,0.864379
10,家計_154_階層2,2,612,529,0.864379
10,家計_155_階層2,2,612,529,0.864379
10,家計_156_階層2,2,612,529,0.864379
10,家計_157_階層2,2,612,529,0.864379
10,家計_158_階層2,2,612,529,0.864379
10,家計_159_階層2,2,612,529,0.864379
10,家計_160_階層2,2,612,529,0.864379
10,家計_161_階層2,2,612,529,0.864379
10,家計_162_階層2,2,612,529,0.864379
10,家計_163_階層2,2,612,529,0.864379
10,家計_164_階層2,2,612,529,0.864379
10,家計_165_階層2,2,612,529,0.864379
10,家計_166_階層2,2,612,529,0.864379
10,家計_167_階層2,2,612,529,0.864379
10,家計_168_階層2,2,612,529,0.864379
10,家計_169_階層0,0,9050,5190,0.573481
10,家計_170_階層1,1,2262,1979,0.874889
10,家計_171_階層1,1,2262,1979,0.874889
10,家計_172_階層1,1,2262,1979,0.874889
10,家計_173_階層1,1,2262,1979,0.874889
10,家計_174_階層2,2,565,487,0.861947
10,家計_175_階層2,2,565,487,0.861947
10,家計_176_階層2,2,565,487,0.861947
10,家計_177_階層2,2,565,487,0.861947
10,家計_178_階層2,2,565,487,0.861947
10,家計_179_階層2,2,565,487,0.861947
10,家計_180_階層2,2,565,487,0.861947
10,家計_181_階層2,2,565,487,0.861947
10,家計_182_階層2,2,565,487,0.861947
10,家計_183_階層2,2,565,487,0.861947
10,家計_184_階層2,2,565,487,0.861947
10,家計_185_階層2,2,565,487,0.861947
10,家計_186_階層2,2,565,487,0.861947
10,家計_187_階層2,2,565,487,0.861947
10,家計_188_階層2,2,565,487,0.861947
10,家計_189_階層2,2,565,487,0.861947
10,家計_190_階層0,0,8868,5610,0.632612
10,家計_191_階層1,1,2217,2521,1.13712
10,家計_192_階層1,1,2217,2521,1.13712
10,家計_193_階層1,1,2217,2521,1.13712
10,家計_194_階層1,1,2217,2521,1.13712
10,家計_195_階層2,2,554,622,1.12274
10,家計_196_階層2,2,554,622,1.12274
10,家計_197_階層2,2,554,622,1.12274
10,家計_198_階層2,2,554,622,1.12274
10,家計_199_階層2,2,554,622,1.12274
10,家計_200_階層2,2,554,622,1.12274
10,家計_201_階層2,2,554,622,1.12274
10,家計_202_階層2,2,554,622,1.12274
10,家計_203_階層2,2,554,622,1.12274
10,家計_204_階層2,2,554,622,1.12274
10,家計_205_階層2,2,554,622,1.12274
10,家計_206_階層2,2,554,622,1.12274
10,家計_207_階層2,2,554,622,1.12274
10,家計_208_階層2,2,554,622,1.12274
10,家計_209_階層2,2,554,622,1.12274
10,家計_210_階層2,2,554,622,1.12274
11,家計_1_階層0,0,12838,6240,0.486057
11,家計_2_階層1,1,3209,3301,1.02867
11,家計_3_階層1,1,3209,3301,1.02867
11,家計_4_階層1,1,3209,3301,1.02867
11,家計_5_階層1,1,3209,3301,1.02867
11,家計_6_階層2,2,802,817,1.0187
11,家計_7_階層2,2,802,817,1.0187
11,家計_8_階層2,2,802,817,1.0187
11,家計_9_階層2,2,802,817,1.0187
11,家計_10_階層2,2,802,817,1.0187
11,家計_11_階層2,2,802,817,1.0187
11,家計_12_階層2,2,802,817,1.0187
11,家計_13_階層2,2,802,817,1.0187
11,家計_14_階層2,2,802,817,1.0187
11,家計_15_階層2,2,802,817,1.0187
11,家計_16_階層2,2,802,817,1.0187
11,家計_17_階層2,2,802,817,1.0187
11,家計_18_階層2,2,802,817,1.0187
11,家計_19_階層2,2,802,817,1.0187
11,家計_20_階層2,2,802,817,1.0187
11,家計_21_階層2,2,802,817,1.0187
11,家計_22_階層0,0,11569,6000,0.518627
11,家計_23_階層1,1,2892,3008,1.04011
11,家計_24_階層1,1,2892,3008,1.04011
11,家計_25_階層1,1,2892,3008,1.04011
11,家計_26_階層1,1,2892,3008,1.04011
11,家計_27_階層2,2,723,744,1.02905
11,家計_28_階層2,2,723,744,1.02905
11,家計_29_階層2,2,723,744,1.02905
11,家計_30_階層2,2,723,744,1.02905
11,家計_31_階層2,2,723,744,1.02905
11,家計_32_階層2,2,723,744,1.02905
11,家計_33_階層2,2,723,744,1.02905
11,家計_34_階層2,2,723,744,1.02905
11,家計_35_階層2,2,723,744,1.02905
11,家計_36_階層2,2,723,744,1.02905
11,家計_37_階層2,2,723,744,1.02905
11,家計_38_階層2,2,723,744,1.02905
11,家計_39_階層2,2,723,744,1.02905
11,家計_40_階層2,2,723,744,1.02905
11,家計_41_階層2,2,723,744,1.02905
11,家計_42_階層2,2,723,744,1.02905
11,家計_43_階層0,0,13150,5970,0.453992
11,家計_44_階層1,1,3287,2959,0.900213
11,家計_45_階層1,1,3287,2959,0.900213
11,家計_46_階層1,1,3287,2959,0.900213
11,家計_47_階層1,1,3287,2959,0.900213
11,家計_48_階層2,2,821,732,0.891596
11,家計_49_階層2,2,821,732,0.891596
11,家計_50_階層2,2,821,732,0.891596
11,家計_51_階層2,2,821,732,0.891596
11,家計_52_階層2,2,821,732,0.891596
11,家計_53_階層2,2,821,732,0.891596
11,家計_54_階層2,2,821,732,0.891596
11,家計_55_階層2,2,821,732,0.891596
11,家計_56_階層2,2,821,732,0.891596
11,家計_57_階層2,2,821,732,0.891596
11,家計_58_階層2,2,821,732,0.891596
11,家計_59_階層2,2,821,732,0.891596
11,家計_60_階層2,2,821,732,0.891596
11,家計_61_階層2,2,821,732,0.891596
11,家計_62_階層2,2,821,732,0.891596
11,家計_63_階層2,2,821,732,0.891596
11,家計_64_階層0,0,11955,5970,0.499373
11,家計_65_階層1,1,2988,2964,0.991968
11,家計_66_階層1,1,2988,2964,0.991968
11,家計_67_階層1,1,2988,2964,0.991968
11,家計_68_階層1,1,2988,2964,0.991968
11,家計_69_階層2,2,747,733,0.981258
11,家計_70_階層2,2,747,733,0.981258
11,家計_71_階層2,2,747,733,0.981258
11,家計_72_階層2,2,747,733,0.981258
11,家計_73_階層2,2,747,733,0.981258
11,家計_74_階層2,2,747,733,0.981258
11,家計_75_階層2,2,747,733,0.981258
11,家計_76_階層2,2,747,733,0.981258
11,家計_77_階層2,2,747,733,0.981258
11,家計_78_階層2,2,747,733,0.981258
11,家計_79_階層2,2,747,733,0.981258
11,家計_80_階層2,2,747,733,0.981258
11,家計_81_階層2,2,747,733,0.981258
11,家計_82_階層2,2,747,733,0.981258
11,家計_83_階層2,2,747,733,0.981258
11,家計_84_階層2,2,747,733,0.981258
11,家計_85_階層0,0,11976,5910,0.493487
11,家計_86_階層1,1,2994,2905,0.970274
11,家計_87_階層1,1,2994,2905,0.970274
11,家計_88_階層1,1,2994,2905,0.970274
11,家計_89_階層1,1,2994,2905,0.970274
11,家計_90_階層2,2,748,718,0.959893
11,家計_91_階層2,2,748,718,0.959893
11,家計_92_階層2,2,748,718,0.959893
11,家計_93_階層2,2,748,718,0.959893
11,家計_94_階層2,2,748,718,0.959893
11,家計_95_階層2,2,748,718,0.959893
11,家計_96_階層2,2,748,718,0.959893
11,家計_97_階層2,2,748,718,0.959893
11,家計_98_階層2,2,748,718,0.959893
11,家計_99_階層2,2,748,718,0.959893
11,家計_100_階層2,2,748,718,0.959893
11,家計_101_階層2,2,748,718,0.959893
11,家計_102_階層2,2,748,718,0.959893
11,家計_103_階層2,2,748,718,0.959893
11,家計_104_階層2,2,748,718,0.959893
11,家計_105_階層2,2,748,718,0.959893
11,家計_106_階層0,0,8829,5400,0.611621
11,家計_107_階層1,1,2207,2254,1.0213
11,家計_108_階層1,1,2207,2254,1.0213
11,家計_109_階層1,1,2207,2254,1.0213
11,家計_110_階層1,1,2207,2254,1.0213
11,家計_111_階層2,2,551,556,1.00907
11,家計_112_階層2,2,551,556,1.00907
11,家計_113_階層2,2,551,556,1.00907
11,家計_114_階層2,2,551,556,1.00907
11,家計_115_階層2,2,551,556,1.00907
11,家計_116_階層2,2,551,556,1.00907
11,家計_117_階層2,2,551,556,1.00907
11,家計_118_階層2,2,551,556,1.00907
11,家計_119_階層2,2,551,556,1.00907
11,家計_120_階層2,2,551,556,1.00907
11,家計_121_階層2,2,551,556,1.00907
11,家計_122_階層2,2,551,556,1.00907
11,家計_123_階層2,2,551,556,1.00907
11,家計_124_階層2,2,551,556,1.00907
11,家計_125_階層2,2,551,556,1.00907
11,家計_126_階層2,2,551,556,1.00907
11,家計_127_階層0,0,7936,5490,0.691784
11,家計_128_階層1,1,1984,2378,1.19859
11,家計_129_階層1,1,1984,2378,1.19859
11,家計_130_階層1,1,1984,2378,1.19859
11,家計_131_階層1,1,1984,2378,1.19859
11,家計_132_階層2,2,496,587,1.18347
11,家計_133_階層2,2,496,587,1.18347
11,家計_134_階層2,2,496,587,1.18347
11,家計_135_階層2,2,496,587,1.18347
11,家計_136_階層2,2,496,587,1.18347
11,家計_137_階層2,2,496,587,1.18347
11,家計_138_階層2,2,496,587,1.18347
11,家計_139_階層2,2,496,587,1.18347
11,家計_140_階層2,2,496,587,1.18347
11,家計_141_階層2,2,496,587,1.18347
11,家計_142_階層2,2,496,587,1.18347
11,家計_143_階層2,2,496,587,1.18347
11,家計_144_階層2,2,496,587,1.18347
11,家計_145_階層2,2,496,587,1.18347
11,家計_146_階層2,2,496,587,1.18347
11,家計_147_階層2,2,496,587,1.18347
11,家計_148_階層0,0,8888,5550,0.624437
11,家計_149_階層1,1,2222,2439,1.09766
11,家計_150_階層1,1,2222,2439,1.09766
11,家計_151_階層1,1,2222,2439,1.09766
11,家計_152_階層1,1,2222,2439,1.09766
11,家計_153_階層2,2,555,602,1.08468
11,家計_154_階層2,2,555,602,1.08468
11,家計_155_階層2,2,555,602,1.08468
11,家計_156_階層2,2,555,602,1.08468
11,家計_157_階層2,2,555,602,1.08468
11,家計_158_階層2,2,555,602,1.08468
11,家計_159_階層2,2,555,602,1.08468
11,家計_160_階層2,2,555,602,1.08468
11,家計_161_階層2,2,555,602,1.08468
11,家計_162_階層2,2,555,602,1.08468
11,家計_163_階層2,2,555,602,1.08468
11,家計_164_階層2,2,555,602,1.08468
11,家計_165_階層2,2,555,602,1.08468
11,家計_166_階層2,2,555,602,1.08468
11,家計_167_階層2,2,555,602,1.08468
11,家計_168_階層2,2,555,602,1.08468
11,家計_169_階層0,0,10414,5400,0.518533
11,家計_170_階層1,1,2603,2252,0.865156
11,家計_171_階層1,1,2603,2252,0.865156
11,家計_172_階層1,1,2603,2252,0.865156
11,家計_173_階層1,1,2603,2252,0.865156
11,家計_174_階層2,2,650,555,0.853846
11,家計_175_階層2,2,650,555,0.853846
11,家計_176_階層2,2,650,555,0.853846
11,家計_177_階層2,2,650,555,0.853846
11,家計_178_階層2,2,650,555,0.853846
11,家計_179_階層2,2,650,555,0.853846
11,家計_180_階層2,2,650,555,0.853846
11,家計_181_階層2,2,650,555,0.853846
11,家計_182_階層2,2,650,555,0.853846
11,家計_183_階層2,2,650,555,0.853846
11,家計_184_階層2,2,650,555,0.853846
11,家計_185_階層2,2,650,555,0.853846
11,家計_186_階層2,2,650,555,0.853846
11,家計_187_階層2,2,650,555,0.853846
11,家計_188_階層2,2,650,555,0.853846
11,家計_189_階層2,2,650,555,0.853846
11,家計_190_階層0,0,8933,5370,0.601142
11,家計_191_階層1,1,2233,2207,0.988356
11,家計_192_階層1,1,2233,2207,0.988356
11,家計_193_階層1,1,2233,2207,0.988356
11,家計_194_階層1,1,2233,2207,0.988356
11,家計_195_階層2,2,558,544,0.97491
11,家計_196_階層2,2,558,544,0.97491
11,家計_197_階層2,2,558,544,0.97491
11,家計_198_階層2,2,558,544,0.97491
11,家計_199_階層2,2,558,544,0.97491
11,家計_200_階層2,2,558,544,0.97491
11,家計_201_階層2,2,558,544,0.97491
11,家計_202_階層2,2,558,544,0.97491
11,家計_203_階層2,2,558,544,0.97491
11,家計_204_階層2,2,558,544,0.97491
11,家計_205_階層2,2,558,544,0.97491
11,家計_206_階層2,2,558,544,0.97491
11,家計_207_階層2,2,558,544,0.97491
11,家計_208_階層2,2,558,544,0.97491
11,家計_209_階層2,2,558,544,0.97491
11,家計_210_階層2,2,558,544,0.97491
12,家計_1_階層0,0,12459,6150,0.493619
12,家計_2_階層1,1,3114,3199,1.0273
12,家計_3_階層1,1,3114,3199,1.0273
12,家計_4_階層1,1,3114,3199,1.0273
12,家計_5_階層1,1,3114,3199,1.0273
12,家計_6_階層2,2,778,792,1.01799
12,家計_7_階層2,2,778,792,1.01799
12,家計_8_階層2,2,778,792,1.01799
12,家計_9_階層2,2,778,792,1.01799
12,家計_10_階層2,2,778,792,1.01799
12,家計_11_階層2,2,778,792,1.01799
12,家計_12_階層2,2,778,792,1.01799
12,家計_13_階層2,2,778,792,1.01799
12,家計_14_階層2,2,778,792,1.01799
12,家計_15_階層2,2,778,792,1.01799
12,家計_16_階層2,2,778,792,1.01799
12,家計_17_階層2,2,778,792,1.01799
12,家計_18_階層2,2,778,792,1.01799
12,家計_19_階層2,2,778,792,1.01799
12,家計_20_階層2,2,778,792,1.01799
12,家計_21_階層2,2,778,792,1.01799
12,家計_22_階層0,0,11444,5910,0.516428
12,家計_23_階層1,1,2861,2882,1.00734
12,家計_24_階層1,1,2861,2882,1.00734
12,家計_25_階層1,1,2861,2882,1.00734
12,家計_26_階層1,1,2861,2882,1.00734
12,家計_27_階層2,2,715,713,0.997203
12,家計_28_階層2,2,715,713,0.997203
12,家計_29_階層2,2,715,713,0.997203
12,家計_30_階層2,2,715,713,0.997203
12,家計_31_階層2,2,715,713,0.997203
12,家計_32_階層2,2,715,713,0.997203
12,家計_33_階層2,2,715,713,0.997203
12,家計_34_階層2,2,715,713,0.997203
12,家計_35_階層2,2,715,713,0.997203
12,家計_36_階層2,2,715,713,0.997203
12,家計_37_階層2,2,715,713,0.997203
12,家計_38_階層2,2,715,713,0.997203
12,家計_39_階層2,2,715,713,0.997203
12,家計_40_階層2,2,715,713,0.997203
12,家計_41_階層2,2,715,713,0.997203
12,家計_42_階層2,2,715,713,0.997203
12,家計_43_階層0,0,12278,6210,0.505783
12,家計_44_階層1,1,3069,3277,1.06777
12,家計_45_階層1,1,3069,3277,1.06777
12,家計_46_階層1,1,3069,3277,1.06777
12,家計_47_階層1,1,3069,3277,1.06777
12,家計_48_階層2,2,767,811,1.05737
12,家計_49_階層2,2,767,811,1.05737
12,家計_50_階層2,2,767,811,1.05737
12,家計_51_階層2,2,767,811,1.05737
12,家計_52_階層2,2,767,811,1.05737
12,家計_53_階層2,2,767,811,1.05737
12,家計_54_階層2,2,767,811,1.05737
12,家計_55_階層2,2,767,811,1.05737
12,家計_56_階層2,2,767,811,1.05737
12,家計_57_階層2,2,767,811,1.05737
12,家計_58_階層2,2,767,811,1.05737
12,家計_59_階層2,2,767,811,1.05737
12,家計_60_階層2,2,767,811,1.05737
12,家計_61_階層2,2,767,811,1.05737
12,家計_62_階層2,2,767,811,1.05737
12,家計_63_階層2,2,767,811,1.05737
12,家計_64_階層0,0,12135,5970,0.491965
12,家計_65_階層1,1,3033,2978,0.981866
12,家計_66_階層1,1,3033,2978,0.981866
12,家計_67_階層1,1,3033,2978,0.981866
12,家計_68_階層1,1,3033,2978,0.981866
12,家計_69_階層2,2,758,737,0.972296
12,家計_70_階層2,2,758,737,0.972296
12,家計_71_階層2,2,758,737,0.972296
12,家計_72_階層2,2,758,737,0.972296
12,家計_73_階層2,2,758,737,0.972296
12,家計_74_階層2,2,758,737,0.972296
12,家計_75_階層2,2,758,737,0.972296
12,家計_76_階層2,2,758,737,0.972296
12,家計_77_階層2,2,758,737,0.972296
12,家計_78_階層2,2,758,737,0.972296
12,家計_79_階層2,2,758,737,0.972296
12,家計_80_階層2,2,758,737,0.972296
12,家計_81_階層2,2,758,737,0.972296
12,家計_82_階層2,2,758,737,0.972296
12,家計_83_階層2,2,758,737,0.972296
12,家計_84_階層2,2,758,737,0.972296
12,家計_85_階層0,0,11653,5970,0.512314
12,家計_86_階層1,1,2913,2984,1.02437
12,家計_87_階層1,1,2913,2984,1.02437
12,家計_88_階層1,1,2913,2984,1.02437
12,家計_89_階層1,1,2913,2984,1.02437
12,家計_90_階層2,2,728,738,1.01374
12,家計_91_階層2,2,728,738,1.01374
12,家計_92_階層2,2,728,738,1.01374
12,家計_93_階層2,2,728,738,1.01374
12,家計_94_階層2,2,728,738,1.01374
12,家計_95_階層2,2,728,738,1.01374
12,家計_96_階層2,2,728,738,1.01374
12,家計_97_階層2,2,728,738,1.01374
12,家計_98_階層2,2,728,738,1.01374
12,家計_99_階層2,2,728,738,1.01374
12,家計_100_階層2,2,728,738,1.01374
12,家計_101_階層2,2,728,738,1.01374
12,家計_102_階層2,2,728,738,1.01374
12,家計_103_階層2,2,728,738,1.01374
12,家計_104_階層2,2,728,738,1.01374
12,家計_105_階層2,2,728,738,1.01374
12,家計_106_階層0,0,9690,5340,0.551084
12,家計_107_階層1,1,2422,2197,0.907102
12,家計_108_階層1,1,2422,2197,0.907102
12,家計_109_階層1,1,2422,2197,0.907102
12,家計_110_階層1,1,2422,2197,0.907102
12,家計_111_階層2,2,605,541,0.894215
12,家計_112_階層2,2,605,541,0.894215
12,家計_113_階層2,2,605,541,0.894215
12,家計_114_階層2,2,605,541,0.894215
12,家計_115_階層2,2,605,541,0.894215
12,家計_116_階層2,2,605,541,0.894215
12,家計_117_階層2,2,605,541,0.894215
12,家計_118_階層2,2,605,541,0.894215
12,家計_119_階層2,2,605,541,0.894215
12,家計_120_階層2,2,605,541,0.894215
12,家計_121_階層2,2,605,541,0.894215
12,家計_122_階層2,2,605,541,0.894215
12,家計_123_階層2,2,605,541,0.894215
12,家計_124_階層2,2,605,541,0.894215
12,家計_125_階層2,2,605,541,0.894215
12,家計_126_階層2,2,605,541,0.894215
12,家計_127_階層0,0,9462,5160,0.545339
12,家計_128_階層1,1,2365,1974,0.834672
12,家計_129_階層1,1,2365,1974,0.834672
12,家計_130_階層1,1,2365,1974,0.834672
12,家計_131_階層1,1,2365,1974,0.834672
12,家計_132_階層2,2,591,486,0.822335
12,家計_133_階層2,2,591,486,0.822335
12,家計_134_階層2,2,591,486,0.822335
12,家計_135_階層2,2,591,486,0.822335
12,家計_136_階層2,2,591,486,0.822335
12,家計_137_階層2,2,591,486,0.822335
12,家計_138_階層2,2,591,486,0.822335
12,家計_139_階層2,2,591,486,0.822335
12,家計_140_階層2,2,591,486,0.822335
12,家計_141_階層2,2,591,486,0.822335
12,家計_142_階層2,2,591,486,0.822335
12,家計_143_階層2,2,591,486,0.822335
12,家計_144_階層2,2,591,486,0.822335
12,家計_145_階層2,2,591,486,0.822335
12,家計_146_階層2,2,591,486,0.822335
12,家計_147_階層2,2,591,486,0.822335
12,家計_148_階層0,0,8717,5370,0.616038
12,家計_149_階層1,1,2179,2212,1.01514
12,家計_150_階層1,1,2179,2212,1.01514
12,家計_151_階層1,1,2179,2212,1.01514
12,家計_152_階層1,1,2179,2212,1.01514
12,家計_153_階層2,2,544,545,1.00184
12,家計_154_階層2,2,544,545,1.00184
12,家計_155_階層2,2,544,545,1.00184
12,家計_156_階層2,2,544,545,1.00184
12,家計_157_階層2,2,544,545,1.00184
12,家計_158_階層2,2,544,545,1.00184
12,家計_159_階層2,2,544,545,1.00184
12,家計_160_階層2,2,544,545,1.00184
12,家計_161_階層2,2,544,545,1.00184
12,家計_162_階層2,2,544,545,1.00184
12,家計_163_階層2,2,544,545,1.00184
12,家計_164_階層2,2,544,545,1.00184
12,家計_165_階層2,2,544,545,1.00184
12,家計_166_階層2,2,544,545,1.00184
12,家計_167_階層2,2,544,545,1.00184
12,家計_168_階層2,2,544,545,1.00184
12,家計_169_階層0,0,8938,5670,0.63437
12,家計_170_階層1,1,2234,2593,1.1607
12,家計_171_階層1,1,2234,2593,1.1607
12,家計_172_階層1,1,2234,2593,1.1607
12,家計_173_階層1,1,2234,2593,1.1607
12,家計_174_階層2,2,558,640,1.14695
12,家計_175_階層2,2,558,640,1.14695
12,家計_176_階層2,2,558,640,1.14695
12,家計_177_階層2,2,558,640,1.14695
12,家計_178_階層2,2,558,640,1.14695
12,家計_179_階層2,2,558,640,1.14695
12,家計_180_階層2,2,558,640,1.14695
12,家計_181_階層2,2,558,640,1.14695
12,家計_182_階層2,2,558,640,1.14695
12,家計_183_階層2,2,558,640,1.14695
12,家計_184_階層2,2,558,640,1.14695
12,家計_185_階層2,2,558,640,1.14695
12,家計_186_階層2,2,558,640,1.14695
12,家計_187_階層2,2,558,640,1.14695
12,家計_188_階層2,2,558,640,1.14695
12,家計_189_階層2,2,558,640,1.14695
12,家計_190_階層0,0,9257,5370,0.580102
12,家計_191_階層1,1,2314,2223,0.960674
12,家計_192_階層1,1,2314,2223,0.960674
12,家計_193_階層1,1,2314,2223,0.960674
12,家計_194_階層1,1,2314,2223,0.960674
12,家計_195_階層2,2,578,548,0.948097
12,家計_196_階層2,2,578,548,0.948097
12,家計_197_階層2,2,578,548,0.948097
12,家計_198_階層2,2,578,548,0.948097
12,家計_199_階層2,2,578,548,0.948097
12,家計_200_階層2,2,578,548,0.948097
12,家計_201_階層2,2,578,548,0.948097
12,家計_202_階層2,2,578,548,0.948097
12,家計_203_階層2,2,578,548,0.948097
12,家計_204_階層2,2,578,548,0.948097
12,家計_205_階層2,2,578,548,0.948097
12,家計_206_階層2,2,578,548,0.948097
12,家計_207_階層2,2,578,548,0.948097
12,家計_208_階層2,2,578,548,0.948097
12,家計_209_階層2,2,578,548,0.948097
12,家計_210_階層2,2,578,548,0.948097
